position_id,timestamp,amount0,amount1,liquidity,current_tick,current,type,owner,prices_token0_usd,prices_token0_eth,prices_token0_token1,prices_token0_token_key,prices_token1_usd,prices_token1_eth,prices_token1_token0,prices_token1_token_key,prices_native_token_usd,prices_native_token_eth,prices_native_token_token0,prices_native_token_token1,prices_native_token_token_key
417295_0x75e126db7f730fada6c3b879413bea339a357e50,1745830609,0.05981737778,0.05981737797,10000000000000000001,0,True,current-amount-state,0x75e126db7f730fada6c3b879413bea339a357e50,0.0,0,0,token0,0.0,0,0,token1,1807.280808,1,0,0,native-token
417781_0x2f4594ffe5868c25e941b5a03af3f8d0deb52505,1745830638,0.05981737778,0.05981737797,10000000000000000001,0,True,current-amount-state,0x2f4594ffe5868c25e941b5a03af3f8d0deb52505,0.0,0,0,token0,0.0,0,0,token1,1807.280808,1,0,0,native-token
417570_0xc76cadbbbbbc4dc6299aedb5202ae0c33b59f0a7,1745830640,0.05981737778,0.05981737797,10000000000000000001,0,True,current-amount-state,0xc76cadbbbbbc4dc6299aedb5202ae0c33b59f0a7,0.0,0,0,token0,0.0,0,0,token1,1807.280808,1,0,0,native-token
97802_0xd504bd85eb78e6f37afd2d6124edfce14c0b037b,1745830643,2.49999879E-17,2.4999986759999998E-17,10013,0,True,current-amount-state,0xd504bd85eb78e6f37afd2d6124edfce14c0b037b,0.0,0,0,token0,0.0,0,0,token1,606.4639043,0.3355661614323503,0,0,native-token
418546_0x84754ff267164b75413ad01f35429e52125c0cdf,1745830648,0.05981737778,0.05981737797,10000000000000000001,0,True,current-amount-state,0x84754ff267164b75413ad01f35429e52125c0cdf,0.0,0,0,token0,0.0,0,0,token1,1807.280808,1,0,0,native-token
417651_0x8c9af878a44678b49aef8c60ab0e90ffd9271e54,1745830650,0.05981737778,0.05981737797,10000000000000000001,0,True,current-amount-state,0x8c9af878a44678b49aef8c60ab0e90ffd9271e54,0.0,0,0,token0,0.0,0,0,token1,1807.280808,1,0,0,native-token
417773_0x077490ea44ead91c83d019b96cb9792ec04175cf,1745830654,0.05981737778,0.05981737797,10000000000000000001,0,True,current-amount-state,0x077490ea44ead91c83d019b96cb9792ec04175cf,0.0,0,0,token0,0.0,0,0,token1,1807.280808,1,0,0,native-token
417429_0x965f166c972ac0ce323a9f017b11c5944eb96fd8,1745830689,0.05981737778,0.05981737797,10000000000000000001,0,True,current-amount-state,0x965f166c972ac0ce323a9f017b11c5944eb96fd8,0.0,0,0,token0,0.0,0,0,token1,1807.280808,1,0,0,native-token
784781_0xbf246450f226f236ffd523dd527d28c5a852d6dd,1745830716,0.0,0.0,0,-201313,True,current-amount-state,0xbf246450f226f236ffd523dd527d28c5a852d6dd,1806.639301,1,1809.379332,token0,0.9984856515,0.0005526757061577184,0.0005526757062,token1,1806.639301,1,1,1809.379332,native-token
4391575_0xaff0915364800bd6a97f1d7a23f58ee4b1225053,1745830687,0.0,0.0,0,-201313,True,current-amount-state,0xaff0915364800bd6a97f1d7a23f58ee4b1225053,1806.639301,1,1808.862141,token0,0.998771139,0.0005528337274837813,0.0005528337275,token1,1806.639301,1,1,1808.862141,native-token
4384548_0xaff0915364800bd6a97f1d7a23f58ee4b1225053,1745830687,0.0,0.0,0,-201313,True,current-amount-state,0xaff0915364800bd6a97f1d7a23f58ee4b1225053,1806.639301,1,1808.862141,token0,0.998771139,0.0005528337274837813,0.0005528337275,token1,1806.639301,1,1,1808.862141,native-token
4127942_0xb515c3052193d329b34dccfc9e25750b7df0c40b,1745830692,0.0,0,0,-201313,True,current-amount-state,0xb515c3052193d329b34dccfc9e25750b7df0c40b,1809.481207,1,1811.587218,token0,0.9988374774,0.0005520021283948865,0.0005520021284,token1,1809.481207,1,1,1811.587218,native-token
4246114_0xb515c3052193d329b34dccfc9e25750b7df0c40b,1745830692,0.0,0,0,-201313,True,current-amount-state,0xb515c3052193d329b34dccfc9e25750b7df0c40b,1809.481207,1,1811.587218,token0,0.9988374774,0.0005520021283948865,0.0005520021284,token1,1809.481207,1,1,1811.587218,native-token
4233532_0xc207961dc90ddc4f6c9b236964e6d6e2a495dc97,1745830641,1.145544024,0,191417430388879,-201327,True,current-amount-state,0xc207961dc90ddc4f6c9b236964e6d6e2a495dc97,1806.639301,1,1808.370452,token0,0.9990427014,0.000552984041038019,0.000552984041,token1,1806.639301,1,1,1808.370452,native-token
1965711_0x051d091b254ecdbbb4eb8e6311b7939829380b27,1745830652,0,0.0,0,68511,True,current-amount-state,0x051d091b254ecdbbb4eb8e6311b7939829380b27,94558.81458,52.339620049069296,94649.42234,token0,0.9990427014,0.000552984041038019,1.056530484e-05,token1,1806.639301,1,0.01910598508,1808.370452,native-token
4174_0xbf246450f226f236ffd523dd527d28c5a852d6dd,1745830716,0.0,0.0,0,-201320,True,current-amount-state,0xbf246450f226f236ffd523dd527d28c5a852d6dd,1808.010734,1,1808.157304,token0,0.9999189395,0.0005530492272778311,0.0005530492273,token1,1808.010734,1,1,1808.157304,native-token
402709_0x8c9af878a44678b49aef8c60ab0e90ffd9271e54,1745830651,0.0,0,0,-290394,True,current-amount-state,0x8c9af878a44678b49aef8c60ab0e90ffd9271e54,0.2421772978,0.00013400092378204297,0.2421772978,token0,1.0,0.0005533174456030549,4.129206202,token1,1807.280808,1,7462.635121,1807.280808,native-token
21557_0x0bcc7af222cb7b848fc8f2b9c11978bc3cc6ac59,1745830627,0.0,0.0,0,-276321,True,current-amount-state,0x0bcc7af222cb7b848fc8f2b9c11978bc3cc6ac59,1.0,0.0005533174456030549,1,token0,1.0,0.0005533174456030549,1,token1,1807.280808,1,1807.280808,1807.280808,native-token
463511_0x051d091b254ecdbbb4eb8e6311b7939829380b27,1745830653,0,0.0,0,-276328,True,current-amount-state,0x051d091b254ecdbbb4eb8e6311b7939829380b27,1.0,0.0005533174456030549,1,token0,1.0,0.0005533174456030549,1,token1,1807.280808,1,1807.280808,1807.280808,native-token
706445_0x051d091b254ecdbbb4eb8e6311b7939829380b27,1745830653,0,0.0,0,-275054,True,current-amount-state,0x051d091b254ecdbbb4eb8e6311b7939829380b27,1.16157295,0.000642718577770066,1.16157295,token0,1.0,0.0005533174456030549,0.8609015901,token1,1807.280808,1,1555.890921,1807.280808,native-token
318474_0x75e126db7f730fada6c3b879413bea339a357e50,1745830618,0.0,0.0,0,-201330,True,current-amount-state,0x75e126db7f730fada6c3b879413bea339a357e50,1807.280808,1,1807.280808,token0,1.0,0.0005533174456030549,0.0005533174456,token1,1807.280808,1,1,1807.280808,native-token
507729_0x75e126db7f730fada6c3b879413bea339a357e50,1745830618,0.0,0.0,0,-201330,True,current-amount-state,0x75e126db7f730fada6c3b879413bea339a357e50,1807.280808,1,1807.280808,token0,1.0,0.0005533174456030549,0.0005533174456,token1,1807.280808,1,1,1807.280808,native-token
716215_0xc76cadbbbbbc4dc6299aedb5202ae0c33b59f0a7,1745830641,0.0,0.0,0,-201330,True,current-amount-state,0xc76cadbbbbbc4dc6299aedb5202ae0c33b59f0a7,1807.280808,1,1807.280808,token0,1.0,0.0005533174456030549,0.0005533174456,token1,1807.280808,1,1,1807.280808,native-token
243013_0xc76cadbbbbbc4dc6299aedb5202ae0c33b59f0a7,1745830641,0.0,0.0,0,-201330,True,current-amount-state,0xc76cadbbbbbc4dc6299aedb5202ae0c33b59f0a7,1807.280808,1,1807.280808,token0,1.0,0.0005533174456030549,0.0005533174456,token1,1807.280808,1,1,1807.280808,native-token
212678_0xc76cadbbbbbc4dc6299aedb5202ae0c33b59f0a7,1745830641,0.0,0.0,0,-201330,True,current-amount-state,0xc76cadbbbbbc4dc6299aedb5202ae0c33b59f0a7,1807.280808,1,1807.280808,token0,1.0,0.0005533174456030549,0.0005533174456,token1,1807.280808,1,1,1807.280808,native-token
736933_0xc76cadbbbbbc4dc6299aedb5202ae0c33b59f0a7,1745830641,0.0,0,0,-201330,True,current-amount-state,0xc76cadbbbbbc4dc6299aedb5202ae0c33b59f0a7,1807.280808,1,1807.280808,token0,1.0,0.0005533174456030549,0.0005533174456,token1,1807.280808,1,1,1807.280808,native-token
793060_0xc207961dc90ddc4f6c9b236964e6d6e2a495dc97,1745830642,0.0,0,0,-201330,True,current-amount-state,0xc207961dc90ddc4f6c9b236964e6d6e2a495dc97,1807.280808,1,1807.280808,token0,1.0,0.0005533174456030549,0.0005533174456,token1,1807.280808,1,1,1807.280808,native-token
807411_0xc207961dc90ddc4f6c9b236964e6d6e2a495dc97,1745830642,0.0,0,0,-201323,True,current-amount-state,0xc207961dc90ddc4f6c9b236964e6d6e2a495dc97,1807.280808,1,1807.280808,token0,1.0,0.0005533174456030549,0.0005533174456,token1,1807.280808,1,1,1807.280808,native-token
793139_0xc207961dc90ddc4f6c9b236964e6d6e2a495dc97,1745830642,0.0,0,0,-201323,True,current-amount-state,0xc207961dc90ddc4f6c9b236964e6d6e2a495dc97,1807.280808,1,1807.280808,token0,1.0,0.0005533174456030549,0.0005533174456,token1,1807.280808,1,1,1807.280808,native-token
793119_0xc207961dc90ddc4f6c9b236964e6d6e2a495dc97,1745830642,0.0,0,0,-201323,True,current-amount-state,0xc207961dc90ddc4f6c9b236964e6d6e2a495dc97,1807.280808,1,1807.280808,token0,1.0,0.0005533174456030549,0.0005533174456,token1,1807.280808,1,1,1807.280808,native-token
480398_0xd504bd85eb78e6f37afd2d6124edfce14c0b037b,1745830644,0.0,0,0,-201323,True,current-amount-state,0xd504bd85eb78e6f37afd2d6124edfce14c0b037b,1807.280808,1,1807.280808,token0,1.0,0.0005533174456030549,0.0005533174456,token1,1807.280808,1,1,1807.280808,native-token
45082_0x020ef786f8c4d19ec3f949fd933ccd1b264c9f9a,1745830647,0.0,0,0,-201330,True,current-amount-state,0x020ef786f8c4d19ec3f949fd933ccd1b264c9f9a,1807.280808,1,1807.280808,token0,1.0,0.0005533174456030549,0.0005533174456,token1,1807.280808,1,1,1807.280808,native-token
736864_0x8c9af878a44678b49aef8c60ab0e90ffd9271e54,1745830651,0.0,0,0,-201330,True,current-amount-state,0x8c9af878a44678b49aef8c60ab0e90ffd9271e54,1807.280808,1,1807.280808,token0,1.0,0.0005533174456030549,0.0005533174456,token1,1807.280808,1,1,1807.280808,native-token
395326_0x8c9af878a44678b49aef8c60ab0e90ffd9271e54,1745830651,0,0.0,0,-201323,True,current-amount-state,0x8c9af878a44678b49aef8c60ab0e90ffd9271e54,1807.280808,1,1807.280808,token0,1.0,0.0005533174456030549,0.0005533174456,token1,1807.280808,1,1,1807.280808,native-token
360571_0x8c9af878a44678b49aef8c60ab0e90ffd9271e54,1745830651,0.0,0.0,0,-201330,True,current-amount-state,0x8c9af878a44678b49aef8c60ab0e90ffd9271e54,1807.280808,1,1807.280808,token0,1.0,0.0005533174456030549,0.0005533174456,token1,1807.280808,1,1,1807.280808,native-token
637647_0x8c9af878a44678b49aef8c60ab0e90ffd9271e54,1745830651,0.0,0.0,0,-201330,True,current-amount-state,0x8c9af878a44678b49aef8c60ab0e90ffd9271e54,1807.280808,1,1807.280808,token0,1.0,0.0005533174456030549,0.0005533174456,token1,1807.280808,1,1,1807.280808,native-token
562034_0x8c9af878a44678b49aef8c60ab0e90ffd9271e54,1745830651,0,0.0,0,-201330,True,current-amount-state,0x8c9af878a44678b49aef8c60ab0e90ffd9271e54,1807.280808,1,1807.280808,token0,1.0,0.0005533174456030549,0.0005533174456,token1,1807.280808,1,1,1807.280808,native-token
360550_0x8c9af878a44678b49aef8c60ab0e90ffd9271e54,1745830651,0.0,0.0,0,-201330,True,current-amount-state,0x8c9af878a44678b49aef8c60ab0e90ffd9271e54,1807.280808,1,1807.280808,token0,1.0,0.0005533174456030549,0.0005533174456,token1,1807.280808,1,1,1807.280808,native-token
872449_0xaff0915364800bd6a97f1d7a23f58ee4b1225053,1745830687,0.0,0,0,-201330,True,current-amount-state,0xaff0915364800bd6a97f1d7a23f58ee4b1225053,1807.280808,1,1807.280808,token0,1.0,0.0005533174456030549,0.0005533174456,token1,1807.280808,1,1,1807.280808,native-token
862989_0xaff0915364800bd6a97f1d7a23f58ee4b1225053,1745830687,0.0,0,0,-201330,True,current-amount-state,0xaff0915364800bd6a97f1d7a23f58ee4b1225053,1807.280808,1,1807.280808,token0,1.0,0.0005533174456030549,0.0005533174456,token1,1807.280808,1,1,1807.280808,native-token
773961_0x965f166c972ac0ce323a9f017b11c5944eb96fd8,1745830689,26.7697272,19368.90283,2703081860715684,-201316,True,current-amount-state,0x965f166c972ac0ce323a9f017b11c5944eb96fd8,1807.280808,1,1807.280808,token0,1.0,0.0005533174456030549,0.0005533174456,token1,1807.280808,1,1,1807.280808,native-token
709572_0x84754ff267164b75413ad01f35429e52125c0cdf,1745830648,0.004001242809,4151.901566,588179517,68517,True,current-amount-state,0x84754ff267164b75413ad01f35429e52125c0cdf,94518.72536,52.298859679326824,94518.72536,token0,1.0,0.0005533174456030549,1.057991415e-05,token1,1807.280808,1,0.01912087579,1807.280808,native-token
374493_0x84754ff267164b75413ad01f35429e52125c0cdf,1745830650,0,0.0,0,68517,True,current-amount-state,0x84754ff267164b75413ad01f35429e52125c0cdf,94518.72536,52.298859679326824,94518.72536,token0,1.0,0.0005533174456030549,1.057991415e-05,token1,1807.280808,1,0.01912087579,1807.280808,native-token
714887_0x8c9af878a44678b49aef8c60ab0e90ffd9271e54,1745830651,0,0.0,0,68513,True,current-amount-state,0x8c9af878a44678b49aef8c60ab0e90ffd9271e54,94518.72536,52.298859679326824,94518.72536,token0,1.0,0.0005533174456030549,1.057991415e-05,token1,1807.280808,1,0.01912087579,1807.280808,native-token
685942_0x8c9af878a44678b49aef8c60ab0e90ffd9271e54,1745830651,0,0.0,0,68513,True,current-amount-state,0x8c9af878a44678b49aef8c60ab0e90ffd9271e54,94518.72536,52.298859679326824,94518.72536,token0,1.0,0.0005533174456030549,1.057991415e-05,token1,1807.280808,1,0.01912087579,1807.280808,native-token
736336_0x8c9af878a44678b49aef8c60ab0e90ffd9271e54,1745830651,0,0.0,0,68513,True,current-amount-state,0x8c9af878a44678b49aef8c60ab0e90ffd9271e54,94518.72536,52.298859679326824,94518.72536,token0,1.0,0.0005533174456030549,1.057991415e-05,token1,1807.280808,1,0.01912087579,1807.280808,native-token
816096_0x8c9af878a44678b49aef8c60ab0e90ffd9271e54,1745830651,0,0.0,0,68513,True,current-amount-state,0x8c9af878a44678b49aef8c60ab0e90ffd9271e54,94518.72536,52.298859679326824,94518.72536,token0,1.0,0.0005533174456030549,1.057991415e-05,token1,1807.280808,1,0.01912087579,1807.280808,native-token
751481_0x051d091b254ecdbbb4eb8e6311b7939829380b27,1745830653,0,0.0,0,68513,True,current-amount-state,0x051d091b254ecdbbb4eb8e6311b7939829380b27,94518.72536,52.298859679326824,94518.72536,token0,1.0,0.0005533174456030549,1.057991415e-05,token1,1807.280808,1,0.01912087579,1807.280808,native-token
859540_0x051d091b254ecdbbb4eb8e6311b7939829380b27,1745830653,0.0,0.0,0,68513,True,current-amount-state,0x051d091b254ecdbbb4eb8e6311b7939829380b27,94518.72536,52.298859679326824,94518.72536,token0,1.0,0.0005533174456030549,1.057991415e-05,token1,1807.280808,1,0.01912087579,1807.280808,native-token
586687_0x051d091b254ecdbbb4eb8e6311b7939829380b27,1745830653,0,0.0,0,68517,True,current-amount-state,0x051d091b254ecdbbb4eb8e6311b7939829380b27,94518.72536,52.298859679326824,94518.72536,token0,1.0,0.0005533174456030549,1.057991415e-05,token1,1807.280808,1,0.01912087579,1807.280808,native-token
687681_0x051d091b254ecdbbb4eb8e6311b7939829380b27,1745830653,0,0.0,0,68513,True,current-amount-state,0x051d091b254ecdbbb4eb8e6311b7939829380b27,94518.72536,52.298859679326824,94518.72536,token0,1.0,0.0005533174456030549,1.057991415e-05,token1,1807.280808,1,0.01912087579,1807.280808,native-token
671704_0x051d091b254ecdbbb4eb8e6311b7939829380b27,1745830653,0,0.0,0,68513,True,current-amount-state,0x051d091b254ecdbbb4eb8e6311b7939829380b27,94518.72536,52.298859679326824,94518.72536,token0,1.0,0.0005533174456030549,1.057991415e-05,token1,1807.280808,1,0.01912087579,1807.280808,native-token
706424_0x051d091b254ecdbbb4eb8e6311b7939829380b27,1745830653,0.0,0.0,0,340757,True,current-amount-state,0x051d091b254ecdbbb4eb8e6311b7939829380b27,94518.72536,52.298859679326824,81371.32096,token0,1.16157295,0.000642718577770066,1.228934209e-05,token1,1807.280808,1,0.01912087579,1555.890921,native-token
871992_0x020ef786f8c4d19ec3f949fd933ccd1b264c9f9a,1745830647,0.0,0.0,0,232541,True,current-amount-state,0x020ef786f8c4d19ec3f949fd933ccd1b264c9f9a,1807.280808,1,12550564850.0,token0,1.439999577e-07,7.967768878641925e-11,7.967768879e-11,token1,1807.280808,1,1,12550564850.0,native-token
870988_0x020ef786f8c4d19ec3f949fd933ccd1b264c9f9a,1745830647,0.0,0.0,0,232541,True,current-amount-state,0x020ef786f8c4d19ec3f949fd933ccd1b264c9f9a,1807.280808,1,12550564850.0,token0,1.439999577e-07,7.967768878641925e-11,7.967768879e-11,token1,1807.280808,1,1,12550564850.0,native-token
321006_0x2f4594ffe5868c25e941b5a03af3f8d0deb52505,1745830639,0,0.0,0,887272,True,current-amount-state,0x2f4594ffe5868c25e941b5a03af3f8d0deb52505,94518.72536,52.298859679326824,5.504133667,token0,17172.3165,9.501742298392815,0.1816816343,token1,1807.280808,1,0.01912087579,0.1052438562,native-token
342223_0x2f4594ffe5868c25e941b5a03af3f8d0deb52505,1745830639,0,0.0,0,887272,True,current-amount-state,0x2f4594ffe5868c25e941b5a03af3f8d0deb52505,94518.72536,52.298859679326824,5.504133667,token0,17172.3165,9.501742298392815,0.1816816343,token1,1807.280808,1,0.01912087579,0.1052438562,native-token
368198_0x2f4594ffe5868c25e941b5a03af3f8d0deb52505,1745830639,0.0,0,0,144800,True,current-amount-state,0x2f4594ffe5868c25e941b5a03af3f8d0deb52505,0.0,0,0,token0,1807.280808,1,0,token1,1807.280808,1,0,1,native-token
680045_0x17ac2eeaf4eeefab2379118d8ffde37188243bbf,1745830645,0.0,0.0,0,-89233,True,current-amount-state,0x17ac2eeaf4eeefab2379118d8ffde37188243bbf,0.2421772978,0.00013400092378204297,0.0001340009238,token0,1807.280808,1,7462.635121,token1,1807.280808,1,7462.635121,1,native-token
476486_0x2f4594ffe5868c25e941b5a03af3f8d0deb52505,1745830639,0.0,0,0,-76431,True,current-amount-state,0x2f4594ffe5868c25e941b5a03af3f8d0deb52505,0.8666911063,0.00047955530905004743,0.0004795553091,token0,1807.280808,1,2085.265205,token1,1807.280808,1,2085.265205,1,native-token
859998_0x020ef786f8c4d19ec3f949fd933ccd1b264c9f9a,1745830647,3360.393744,2.758490203,345514017420110877626,-76431,True,current-amount-state,0x020ef786f8c4d19ec3f949fd933ccd1b264c9f9a,0.8666911063,0.00047955530905004743,0.0004795553091,token0,1807.280808,1,2085.265205,token1,1807.280808,1,2085.265205,1,native-token
290064_0x020ef786f8c4d19ec3f949fd933ccd1b264c9f9a,1745830647,0.0,0,0,-76503,True,current-amount-state,0x020ef786f8c4d19ec3f949fd933ccd1b264c9f9a,0.8666911063,0.00047955530905004743,0.0004795553091,token0,1807.280808,1,2085.265205,token1,1807.280808,1,2085.265205,1,native-token
314789_0x020ef786f8c4d19ec3f949fd933ccd1b264c9f9a,1745830647,0.0,0,0,-76503,True,current-amount-state,0x020ef786f8c4d19ec3f949fd933ccd1b264c9f9a,0.8666911063,0.00047955530905004743,0.0004795553091,token0,1807.280808,1,2085.265205,token1,1807.280808,1,2085.265205,1,native-token
750521_0x2f4594ffe5868c25e941b5a03af3f8d0deb52505,1745830638,888.4242922,0.1825683102,28736943609286604193,-75439,True,current-amount-state,0x2f4594ffe5868c25e941b5a03af3f8d0deb52505,0.957069716,0.0005295633705284438,0.0005295633705,token0,1807.280808,1,1888.348129,token1,1807.280808,1,1888.348129,1,native-token
580006_0x2f4594ffe5868c25e941b5a03af3f8d0deb52505,1745830639,0.0,0,0,-75439,True,current-amount-state,0x2f4594ffe5868c25e941b5a03af3f8d0deb52505,0.957069716,0.0005295633705284438,0.0005295633705,token0,1807.280808,1,1888.348129,token1,1807.280808,1,1888.348129,1,native-token
328585_0x2f4594ffe5868c25e941b5a03af3f8d0deb52505,1745830639,0.0,0,0,-75439,True,current-amount-state,0x2f4594ffe5868c25e941b5a03af3f8d0deb52505,0.957069716,0.0005295633705284438,0.0005295633705,token0,1807.280808,1,1888.348129,token1,1807.280808,1,1888.348129,1,native-token
359251_0x077490ea44ead91c83d019b96cb9792ec04175cf,1745830655,0.0,0,0,-75439,True,current-amount-state,0x077490ea44ead91c83d019b96cb9792ec04175cf,0.957069716,0.0005295633705284438,0.0005295633705,token0,1807.280808,1,1888.348129,token1,1807.280808,1,1888.348129,1,native-token
952530_0x75e126db7f730fada6c3b879413bea339a357e50,1745830609,34877.93535,83.18391264,26040839883176396,201319,True,current-amount-state,0x75e126db7f730fada6c3b879413bea339a357e50,1.0,0.0005533174456030549,0.0005533174456,token0,1807.280808,1,1807.280808,token1,1807.280808,1,1807.280808,1,native-token
951560_0x75e126db7f730fada6c3b879413bea339a357e50,1745830609,188460.5898,412.4188596,129713494254222860,201324,True,current-amount-state,0x75e126db7f730fada6c3b879413bea339a357e50,1.0,0.0005533174456030549,0.0005533174456,token0,1807.280808,1,1807.280808,token1,1807.280808,1,1807.280808,1,native-token
951565_0x75e126db7f730fada6c3b879413bea339a357e50,1745830618,0.0,0.0,0,201319,True,current-amount-state,0x75e126db7f730fada6c3b879413bea339a357e50,1.0,0.0005533174456030549,0.0005533174456,token0,1807.280808,1,1807.280808,token1,1807.280808,1,1807.280808,1,native-token
318480_0x75e126db7f730fada6c3b879413bea339a357e50,1745830618,0.0,0.0,0,201324,True,current-amount-state,0x75e126db7f730fada6c3b879413bea339a357e50,1.0,0.0005533174456030549,0.0005533174456,token0,1807.280808,1,1807.280808,token1,1807.280808,1,1807.280808,1,native-token
362603_0x75e126db7f730fada6c3b879413bea339a357e50,1745830618,0.0,0.0,0,201324,True,current-amount-state,0x75e126db7f730fada6c3b879413bea339a357e50,1.0,0.0005533174456030549,0.0005533174456,token0,1807.280808,1,1807.280808,token1,1807.280808,1,1807.280808,1,native-token
919977_0x0bcc7af222cb7b848fc8f2b9c11978bc3cc6ac59,1745830626,58904.95415,32.57809741,1385283845904197,201319,True,current-amount-state,0x0bcc7af222cb7b848fc8f2b9c11978bc3cc6ac59,1.0,0.0005533174456030549,0.0005533174456,token0,1807.280808,1,1807.280808,token1,1807.280808,1,1807.280808,1,native-token
21538_0x0bcc7af222cb7b848fc8f2b9c11978bc3cc6ac59,1745830627,0.0,0.0,0,201324,True,current-amount-state,0x0bcc7af222cb7b848fc8f2b9c11978bc3cc6ac59,1.0,0.0005533174456030549,0.0005533174456,token0,1807.280808,1,1807.280808,token1,1807.280808,1,1807.280808,1,native-token
930216_0x2f4594ffe5868c25e941b5a03af3f8d0deb52505,1745830638,4215.412611,2.331384935,99135006208997,201319,True,current-amount-state,0x2f4594ffe5868c25e941b5a03af3f8d0deb52505,1.0,0.0005533174456030549,0.0005533174456,token0,1807.280808,1,1807.280808,token1,1807.280808,1,1807.280808,1,native-token
211040_0xc76cadbbbbbc4dc6299aedb5202ae0c33b59f0a7,1745830641,0.0,0.0,0,-74999,True,current-amount-state,0xc76cadbbbbbc4dc6299aedb5202ae0c33b59f0a7,1.0,0.0005533174456030549,0.0005533174456,token0,1807.280808,1,1807.280808,token1,1807.280808,1,1807.280808,1,native-token
809534_0x020ef786f8c4d19ec3f949fd933ccd1b264c9f9a,1745830646,0,23.056436870000002,4684780428560891,201319,True,current-amount-state,0x020ef786f8c4d19ec3f949fd933ccd1b264c9f9a,1.0,0.0005533174456030549,0.0005533174456,token0,1807.280808,1,1807.280808,token1,1807.280808,1,1807.280808,1,native-token
871002_0x020ef786f8c4d19ec3f949fd933ccd1b264c9f9a,1745830646,362.9929013,0.2007576149,8536602901931,201319,True,current-amount-state,0x020ef786f8c4d19ec3f949fd933ccd1b264c9f9a,1.0,0.0005533174456030549,0.0005533174456,token0,1807.280808,1,1807.280808,token1,1807.280808,1,1807.280808,1,native-token
97260_0x020ef786f8c4d19ec3f949fd933ccd1b264c9f9a,1745830647,0.0,0.0,0,201324,True,current-amount-state,0x020ef786f8c4d19ec3f949fd933ccd1b264c9f9a,1.0,0.0005533174456030549,0.0005533174456,token0,1807.280808,1,1807.280808,token1,1807.280808,1,1807.280808,1,native-token
709568_0x84754ff267164b75413ad01f35429e52125c0cdf,1745830648,10900.32494,40.82204582,4401650642802915,201319,True,current-amount-state,0x84754ff267164b75413ad01f35429e52125c0cdf,1.0,0.0005533174456030549,0.0005533174456,token0,1807.280808,1,1807.280808,token1,1807.280808,1,1807.280808,1,native-token
252234_0x84754ff267164b75413ad01f35429e52125c0cdf,1745830650,0.0,0.0,0,201324,True,current-amount-state,0x84754ff267164b75413ad01f35429e52125c0cdf,1.0,0.0005533174456030549,0.0005533174456,token0,1807.280808,1,1807.280808,token1,1807.280808,1,1807.280808,1,native-token
252082_0x84754ff267164b75413ad01f35429e52125c0cdf,1745830650,0.0,0.0,0,201324,True,current-amount-state,0x84754ff267164b75413ad01f35429e52125c0cdf,1.0,0.0005533174456030549,0.0005533174456,token0,1807.280808,1,1807.280808,token1,1807.280808,1,1807.280808,1,native-token
356393_0x077490ea44ead91c83d019b96cb9792ec04175cf,1745830655,0.0,0.0,0,201324,True,current-amount-state,0x077490ea44ead91c83d019b96cb9792ec04175cf,1.0,0.0005533174456030549,0.0005533174456,token0,1807.280808,1,1807.280808,token1,1807.280808,1,1807.280808,1,native-token
222715_0x077490ea44ead91c83d019b96cb9792ec04175cf,1745830655,0.0,0.0,0,201324,True,current-amount-state,0x077490ea44ead91c83d019b96cb9792ec04175cf,1.0,0.0005533174456030549,0.0005533174456,token0,1807.280808,1,1807.280808,token1,1807.280808,1,1807.280808,1,native-token
361671_0x077490ea44ead91c83d019b96cb9792ec04175cf,1745830655,0.0,0.0,0,201324,True,current-amount-state,0x077490ea44ead91c83d019b96cb9792ec04175cf,1.0,0.0005533174456030549,0.0005533174456,token0,1807.280808,1,1807.280808,token1,1807.280808,1,1807.280808,1,native-token
452204_0x85e01add9bcc25918c330c42deea69ce5be3ec5d,1745830672,0.0,0,0,201319,True,current-amount-state,0x85e01add9bcc25918c330c42deea69ce5be3ec5d,1.0,0.0005533174456030549,0.0005533174456,token0,1807.280808,1,1807.280808,token1,1807.280808,1,1807.280808,1,native-token
2320_0x85e01add9bcc25918c330c42deea69ce5be3ec5d,1745830672,0.0,0.0,0,-74999,True,current-amount-state,0x85e01add9bcc25918c330c42deea69ce5be3ec5d,1.0,0.0005533174456030549,0.0005533174456,token0,1807.280808,1,1807.280808,token1,1807.280808,1,1807.280808,1,native-token
30536_0x85e01add9bcc25918c330c42deea69ce5be3ec5d,1745830672,0.0,0.0,0,201324,True,current-amount-state,0x85e01add9bcc25918c330c42deea69ce5be3ec5d,1.0,0.0005533174456030549,0.0005533174456,token0,1807.280808,1,1807.280808,token1,1807.280808,1,1807.280808,1,native-token
48665_0x85e01add9bcc25918c330c42deea69ce5be3ec5d,1745830672,0.0,0.0,0,201319,True,current-amount-state,0x85e01add9bcc25918c330c42deea69ce5be3ec5d,1.0,0.0005533174456030549,0.0005533174456,token0,1807.280808,1,1807.280808,token1,1807.280808,1,1807.280808,1,native-token
359814_0x85e01add9bcc25918c330c42deea69ce5be3ec5d,1745830672,0.0,0,0,201319,True,current-amount-state,0x85e01add9bcc25918c330c42deea69ce5be3ec5d,1.0,0.0005533174456030549,0.0005533174456,token0,1807.280808,1,1807.280808,token1,1807.280808,1,1807.280808,1,native-token
963546_0xaff0915364800bd6a97f1d7a23f58ee4b1225053,1745830687,0.0,0.0,0,201314,True,current-amount-state,0xaff0915364800bd6a97f1d7a23f58ee4b1225053,1.0,0.0005533174456030549,0.0005533174456,token0,1807.280808,1,1807.280808,token1,1807.280808,1,1807.280808,1,native-token
952665_0xaff0915364800bd6a97f1d7a23f58ee4b1225053,1745830687,0.0,0.0,0,201314,True,current-amount-state,0xaff0915364800bd6a97f1d7a23f58ee4b1225053,1.0,0.0005533174456030549,0.0005533174456,token0,1807.280808,1,1807.280808,token1,1807.280808,1,1807.280808,1,native-token
969004_0xaff0915364800bd6a97f1d7a23f58ee4b1225053,1745830687,0.0,0.0,0,201324,True,current-amount-state,0xaff0915364800bd6a97f1d7a23f58ee4b1225053,1.0,0.0005533174456030549,0.0005533174456,token0,1807.280808,1,1807.280808,token1,1807.280808,1,1807.280808,1,native-token
243922_0x965f166c972ac0ce323a9f017b11c5944eb96fd8,1745830690,0.0,0.0,0,201314,True,current-amount-state,0x965f166c972ac0ce323a9f017b11c5944eb96fd8,1.0,0.0005533174456030549,0.0005533174456,token0,1807.280808,1,1807.280808,token1,1807.280808,1,1807.280808,1,native-token
611017_0x965f166c972ac0ce323a9f017b11c5944eb96fd8,1745830690,0.0,0.0,0,201314,True,current-amount-state,0x965f166c972ac0ce323a9f017b11c5944eb96fd8,1.0,0.0005533174456030549,0.0005533174456,token0,1807.280808,1,1807.280808,token1,1807.280808,1,1807.280808,1,native-token
252019_0x965f166c972ac0ce323a9f017b11c5944eb96fd8,1745830690,0.0,0.0,0,201324,True,current-amount-state,0x965f166c972ac0ce323a9f017b11c5944eb96fd8,1.0,0.0005533174456030549,0.0005533174456,token0,1807.280808,1,1807.280808,token1,1807.280808,1,1807.280808,1,native-token
242911_0x965f166c972ac0ce323a9f017b11c5944eb96fd8,1745830690,0.0,0.0,0,201324,True,current-amount-state,0x965f166c972ac0ce323a9f017b11c5944eb96fd8,1.0,0.0005533174456030549,0.0005533174456,token0,1807.280808,1,1807.280808,token1,1807.280808,1,1807.280808,1,native-token
452633_0x965f166c972ac0ce323a9f017b11c5944eb96fd8,1745830690,0.0,0.0,0,201314,True,current-amount-state,0x965f166c972ac0ce323a9f017b11c5944eb96fd8,1.0,0.0005533174456030549,0.0005533174456,token0,1807.280808,1,1807.280808,token1,1807.280808,1,1807.280808,1,native-token
870974_0xb515c3052193d329b34dccfc9e25750b7df0c40b,1745830692,0,0.0,0,201314,True,current-amount-state,0xb515c3052193d329b34dccfc9e25750b7df0c40b,1.0,0.0005533174456030549,0.0005533174456,token0,1807.280808,1,1807.280808,token1,1807.280808,1,1807.280808,1,native-token
850805_0xb515c3052193d329b34dccfc9e25750b7df0c40b,1745830692,0,0.0,0,201314,True,current-amount-state,0xb515c3052193d329b34dccfc9e25750b7df0c40b,1.0,0.0005533174456030549,0.0005533174456,token0,1807.280808,1,1807.280808,token1,1807.280808,1,1807.280808,1,native-token
191235_0xbf246450f226f236ffd523dd527d28c5a852d6dd,1745830708,0,384.19305979999996,55470753014286074,201314,True,current-amount-state,0xbf246450f226f236ffd523dd527d28c5a852d6dd,1.0,0.0005533174456030549,0.0005533174456,token0,1807.280808,1,1807.280808,token1,1807.280808,1,1807.280808,1,native-token
371950_0xbf246450f226f236ffd523dd527d28c5a852d6dd,1745830716,0.0,0,0,201399,True,current-amount-state,0xbf246450f226f236ffd523dd527d28c5a852d6dd,1.0,0.0005533174456030549,0.0005533174456,token0,1807.280808,1,1807.280808,token1,1807.280808,1,1807.280808,1,native-token
236748_0xbf246450f226f236ffd523dd527d28c5a852d6dd,1745830716,0.0,0.0,0,201399,True,current-amount-state,0xbf246450f226f236ffd523dd527d28c5a852d6dd,1.0,0.0005533174456030549,0.0005533174456,token0,1807.280808,1,1807.280808,token1,1807.280808,1,1807.280808,1,native-token
268830_0xbf246450f226f236ffd523dd527d28c5a852d6dd,1745830716,0.0,0.0,0,201324,True,current-amount-state,0xbf246450f226f236ffd523dd527d28c5a852d6dd,1.0,0.0005533174456030549,0.0005533174456,token0,1807.280808,1,1807.280808,token1,1807.280808,1,1807.280808,1,native-token
347024_0xbf246450f226f236ffd523dd527d28c5a852d6dd,1745830716,0.0,0.0,0,201313,True,current-amount-state,0xbf246450f226f236ffd523dd527d28c5a852d6dd,1.0,0.0005533174456030549,0.0005533174456,token0,1807.280808,1,1807.280808,token1,1807.280808,1,1807.280808,1,native-token
189539_0xbf246450f226f236ffd523dd527d28c5a852d6dd,1745830716,0,0.0,0,201399,True,current-amount-state,0xbf246450f226f236ffd523dd527d28c5a852d6dd,1.0,0.0005533174456030549,0.0005533174456,token0,1807.280808,1,1807.280808,token1,1807.280808,1,1807.280808,1,native-token
952534_0x75e126db7f730fada6c3b879413bea339a357e50,1745830609,80117.81593,0,57813540012745763968704,-57890,True,current-amount-state,0x75e126db7f730fada6c3b879413bea339a357e50,5.533932877,0.0030620216034578625,0.003062021603,token0,1807.280808,1,326.5816279,token1,1807.280808,1,326.5816279,1,native-token
951567_0x75e126db7f730fada6c3b879413bea339a357e50,1745830618,0.0,0.0,0,-57890,True,current-amount-state,0x75e126db7f730fada6c3b879413bea339a357e50,5.533932877,0.0030620216034578625,0.003062021603,token0,1807.280808,1,326.5816279,token1,1807.280808,1,326.5816279,1,native-token
919460_0x0bcc7af222cb7b848fc8f2b9c11978bc3cc6ac59,1745830626,601.4663267,1.841702885,33282461891528571809,-57890,True,current-amount-state,0x0bcc7af222cb7b848fc8f2b9c11978bc3cc6ac59,5.533932877,0.0030620216034578625,0.003062021603,token0,1807.280808,1,326.5816279,token1,1807.280808,1,326.5816279,1,native-token
328582_0x2f4594ffe5868c25e941b5a03af3f8d0deb52505,1745830639,0.0,0.0,0,-57890,True,current-amount-state,0x2f4594ffe5868c25e941b5a03af3f8d0deb52505,5.533932877,0.0030620216034578625,0.003062021603,token0,1807.280808,1,326.5816279,token1,1807.280808,1,326.5816279,1,native-token
345318_0xd504bd85eb78e6f37afd2d6124edfce14c0b037b,1745830644,0.0,0.0,0,-57890,True,current-amount-state,0xd504bd85eb78e6f37afd2d6124edfce14c0b037b,5.533932877,0.0030620216034578625,0.003062021603,token0,1807.280808,1,326.5816279,token1,1807.280808,1,326.5816279,1,native-token
161212_0x020ef786f8c4d19ec3f949fd933ccd1b264c9f9a,1745830647,0.0,0,0,-57890,True,current-amount-state,0x020ef786f8c4d19ec3f949fd933ccd1b264c9f9a,5.533932877,0.0030620216034578625,0.003062021603,token0,1807.280808,1,326.5816279,token1,1807.280808,1,326.5816279,1,native-token
45535_0x020ef786f8c4d19ec3f949fd933ccd1b264c9f9a,1745830647,0.0,0,0,-57890,True,current-amount-state,0x020ef786f8c4d19ec3f949fd933ccd1b264c9f9a,5.533932877,0.0030620216034578625,0.003062021603,token0,1807.280808,1,326.5816279,token1,1807.280808,1,326.5816279,1,native-token
126460_0x020ef786f8c4d19ec3f949fd933ccd1b264c9f9a,1745830647,0.0,0,0,-57890,True,current-amount-state,0x020ef786f8c4d19ec3f949fd933ccd1b264c9f9a,5.533932877,0.0030620216034578625,0.003062021603,token0,1807.280808,1,326.5816279,token1,1807.280808,1,326.5816279,1,native-token
919975_0x0bcc7af222cb7b848fc8f2b9c11978bc3cc6ac59,1745830626,643.2878226,5.353056163000001,58681818679150756145,-47892,True,current-amount-state,0x0bcc7af222cb7b848fc8f2b9c11978bc3cc6ac59,15.05187301,0.00832846392405364,0.008328463924,token0,1807.280808,1,120.0701605,token1,1807.280808,1,120.0701605,1,native-token
699092_0xd504bd85eb78e6f37afd2d6124edfce14c0b037b,1745830644,0.0,0.0,0,-47892,True,current-amount-state,0xd504bd85eb78e6f37afd2d6124edfce14c0b037b,15.05187301,0.00832846392405364,0.008328463924,token0,1807.280808,1,120.0701605,token1,1807.280808,1,120.0701605,1,native-token
625108_0xd504bd85eb78e6f37afd2d6124edfce14c0b037b,1745830644,0.0,0.0,0,-47892,True,current-amount-state,0xd504bd85eb78e6f37afd2d6124edfce14c0b037b,15.05187301,0.00832846392405364,0.008328463924,token0,1807.280808,1,120.0701605,token1,1807.280808,1,120.0701605,1,native-token
711270_0xd504bd85eb78e6f37afd2d6124edfce14c0b037b,1745830644,0.0,0.0,0,-47892,True,current-amount-state,0xd504bd85eb78e6f37afd2d6124edfce14c0b037b,15.05187301,0.00832846392405364,0.008328463924,token0,1807.280808,1,120.0701605,token1,1807.280808,1,120.0701605,1,native-token
735437_0xd504bd85eb78e6f37afd2d6124edfce14c0b037b,1745830644,0.0,0.0,0,-47892,True,current-amount-state,0xd504bd85eb78e6f37afd2d6124edfce14c0b037b,15.05187301,0.00832846392405364,0.008328463924,token0,1807.280808,1,120.0701605,token1,1807.280808,1,120.0701605,1,native-token
374486_0x84754ff267164b75413ad01f35429e52125c0cdf,1745830649,618.5645450000001,4.437574748,158932020120126663644,-47892,True,current-amount-state,0x84754ff267164b75413ad01f35429e52125c0cdf,15.05187301,0.00832846392405364,0.008328463924,token0,1807.280808,1,120.0701605,token1,1807.280808,1,120.0701605,1,native-token
40424_0x0bcc7af222cb7b848fc8f2b9c11978bc3cc6ac59,1745830626,1859227.461,0.1911656436,6622510058660982167,-68833,True,current-amount-state,0x0bcc7af222cb7b848fc8f2b9c11978bc3cc6ac59,0.0001852745028,1.0251561461283857e-07,1.025156146e-07,token0,1807.280808,1,9754611.566,token1,1807.280808,1,9754611.566,1,native-token
342234_0x2f4594ffe5868c25e941b5a03af3f8d0deb52505,1745830639,0,0.0,0,925,True,current-amount-state,0x2f4594ffe5868c25e941b5a03af3f8d0deb52505,1982.589441,1.0970013253557902,1.097001325,token0,1807.280808,1,0.9115759269,token1,1807.280808,1,0.9115759269,1,native-token
319055_0x75e126db7f730fada6c3b879413bea339a357e50,1745830618,0,0.0,0,269865,True,current-amount-state,0x75e126db7f730fada6c3b879413bea339a357e50,94518.72536,52.298859679326824,52.29885968,token0,1807.280808,1,0.01912087579,token1,1807.280808,1,0.01912087579,1,native-token
362598_0x75e126db7f730fada6c3b879413bea339a357e50,1745830618,0,0.0,0,269865,True,current-amount-state,0x75e126db7f730fada6c3b879413bea339a357e50,94518.72536,52.298859679326824,52.29885968,token0,1807.280808,1,0.01912087579,token1,1807.280808,1,0.01912087579,1,native-token
919979_0x0bcc7af222cb7b848fc8f2b9c11978bc3cc6ac59,1745830626,0.37924547909999995,19.85396892,27439985342063,269851,True,current-amount-state,0x0bcc7af222cb7b848fc8f2b9c11978bc3cc6ac59,94518.72536,52.298859679326824,52.29885968,token0,1807.280808,1,0.01912087579,token1,1807.280808,1,0.01912087579,1,native-token
21550_0x0bcc7af222cb7b848fc8f2b9c11978bc3cc6ac59,1745830637,0,0.0,0,269865,True,current-amount-state,0x0bcc7af222cb7b848fc8f2b9c11978bc3cc6ac59,94518.72536,52.298859679326824,52.29885968,token0,1807.280808,1,0.01912087579,token1,1807.280808,1,0.01912087579,1,native-token
919978_0x0bcc7af222cb7b848fc8f2b9c11978bc3cc6ac59,1745830637,0.0,0.0,0,269865,True,current-amount-state,0x0bcc7af222cb7b848fc8f2b9c11978bc3cc6ac59,94518.72536,52.298859679326824,52.29885968,token0,1807.280808,1,0.01912087579,token1,1807.280808,1,0.01912087579,1,native-token
930187_0x2f4594ffe5868c25e941b5a03af3f8d0deb52505,1745830638,0.01652913476,2.32544175,6298445636415,269865,True,current-amount-state,0x2f4594ffe5868c25e941b5a03af3f8d0deb52505,94518.72536,52.298859679326824,52.29885968,token0,1807.280808,1,0.01912087579,token1,1807.280808,1,0.01912087579,1,native-token
316872_0x2f4594ffe5868c25e941b5a03af3f8d0deb52505,1745830639,0,0.0,0,269865,True,current-amount-state,0x2f4594ffe5868c25e941b5a03af3f8d0deb52505,94518.72536,52.298859679326824,52.29885968,token0,1807.280808,1,0.01912087579,token1,1807.280808,1,0.01912087579,1,native-token
413103_0x2f4594ffe5868c25e941b5a03af3f8d0deb52505,1745830639,0,0.0,0,269865,True,current-amount-state,0x2f4594ffe5868c25e941b5a03af3f8d0deb52505,94518.72536,52.298859679326824,52.29885968,token0,1807.280808,1,0.01912087579,token1,1807.280808,1,0.01912087579,1,native-token
735475_0xd504bd85eb78e6f37afd2d6124edfce14c0b037b,1745830644,0,0.0,0,269865,True,current-amount-state,0xd504bd85eb78e6f37afd2d6124edfce14c0b037b,94518.72536,52.298859679326824,52.29885968,token0,1807.280808,1,0.01912087579,token1,1807.280808,1,0.01912087579,1,native-token
700368_0xd504bd85eb78e6f37afd2d6124edfce14c0b037b,1745830644,0,0.0,0,269865,True,current-amount-state,0xd504bd85eb78e6f37afd2d6124edfce14c0b037b,94518.72536,52.298859679326824,52.29885968,token0,1807.280808,1,0.01912087579,token1,1807.280808,1,0.01912087579,1,native-token
347762_0xd504bd85eb78e6f37afd2d6124edfce14c0b037b,1745830644,0,0.0,0,269865,True,current-amount-state,0xd504bd85eb78e6f37afd2d6124edfce14c0b037b,94518.72536,52.298859679326824,52.29885968,token0,1807.280808,1,0.01912087579,token1,1807.280808,1,0.01912087579,1,native-token
433520_0xd504bd85eb78e6f37afd2d6124edfce14c0b037b,1745830644,0,0.0,0,269865,True,current-amount-state,0xd504bd85eb78e6f37afd2d6124edfce14c0b037b,94518.72536,52.298859679326824,52.29885968,token0,1807.280808,1,0.01912087579,token1,1807.280808,1,0.01912087579,1,native-token
680042_0x17ac2eeaf4eeefab2379118d8ffde37188243bbf,1745830645,0.0,0.0,0,269865,True,current-amount-state,0x17ac2eeaf4eeefab2379118d8ffde37188243bbf,94518.72536,52.298859679326824,52.29885968,token0,1807.280808,1,0.01912087579,token1,1807.280808,1,0.01912087579,1,native-token
525510_0x17ac2eeaf4eeefab2379118d8ffde37188243bbf,1745830645,0,0.0,0,269865,True,current-amount-state,0x17ac2eeaf4eeefab2379118d8ffde37188243bbf,94518.72536,52.298859679326824,52.29885968,token0,1807.280808,1,0.01912087579,token1,1807.280808,1,0.01912087579,1,native-token
775365_0x17ac2eeaf4eeefab2379118d8ffde37188243bbf,1745830645,0,0.0,0,269865,True,current-amount-state,0x17ac2eeaf4eeefab2379118d8ffde37188243bbf,94518.72536,52.298859679326824,52.29885968,token0,1807.280808,1,0.01912087579,token1,1807.280808,1,0.01912087579,1,native-token
536315_0x17ac2eeaf4eeefab2379118d8ffde37188243bbf,1745830645,0,0.0,0,269865,True,current-amount-state,0x17ac2eeaf4eeefab2379118d8ffde37188243bbf,94518.72536,52.298859679326824,52.29885968,token0,1807.280808,1,0.01912087579,token1,1807.280808,1,0.01912087579,1,native-token
395562_0x8c9af878a44678b49aef8c60ab0e90ffd9271e54,1745830651,0,0.0,0,269865,True,current-amount-state,0x8c9af878a44678b49aef8c60ab0e90ffd9271e54,94518.72536,52.298859679326824,52.29885968,token0,1807.280808,1,0.01912087579,token1,1807.280808,1,0.01912087579,1,native-token
465977_0x8c9af878a44678b49aef8c60ab0e90ffd9271e54,1745830651,0,0.0,0,269865,True,current-amount-state,0x8c9af878a44678b49aef8c60ab0e90ffd9271e54,94518.72536,52.298859679326824,52.29885968,token0,1807.280808,1,0.01912087579,token1,1807.280808,1,0.01912087579,1,native-token
362016_0x8c9af878a44678b49aef8c60ab0e90ffd9271e54,1745830651,0,0.0,0,269865,True,current-amount-state,0x8c9af878a44678b49aef8c60ab0e90ffd9271e54,94518.72536,52.298859679326824,52.29885968,token0,1807.280808,1,0.01912087579,token1,1807.280808,1,0.01912087579,1,native-token
369030_0x8c9af878a44678b49aef8c60ab0e90ffd9271e54,1745830651,0,0.0,0,269865,True,current-amount-state,0x8c9af878a44678b49aef8c60ab0e90ffd9271e54,94518.72536,52.298859679326824,52.29885968,token0,1807.280808,1,0.01912087579,token1,1807.280808,1,0.01912087579,1,native-token
222580_0x077490ea44ead91c83d019b96cb9792ec04175cf,1745830655,0,0.0,0,269865,True,current-amount-state,0x077490ea44ead91c83d019b96cb9792ec04175cf,94518.72536,52.298859679326824,52.29885968,token0,1807.280808,1,0.01912087579,token1,1807.280808,1,0.01912087579,1,native-token
356394_0x077490ea44ead91c83d019b96cb9792ec04175cf,1745830655,0,0.0,0,269865,True,current-amount-state,0x077490ea44ead91c83d019b96cb9792ec04175cf,94518.72536,52.298859679326824,52.29885968,token0,1807.280808,1,0.01912087579,token1,1807.280808,1,0.01912087579,1,native-token
680011_0x077490ea44ead91c83d019b96cb9792ec04175cf,1745830655,0,0.0,0,269865,True,current-amount-state,0x077490ea44ead91c83d019b96cb9792ec04175cf,94518.72536,52.298859679326824,52.29885968,token0,1807.280808,1,0.01912087579,token1,1807.280808,1,0.01912087579,1,native-token
357202_0x077490ea44ead91c83d019b96cb9792ec04175cf,1745830655,0,0.0,0,269865,True,current-amount-state,0x077490ea44ead91c83d019b96cb9792ec04175cf,94518.72536,52.298859679326824,52.29885968,token0,1807.280808,1,0.01912087579,token1,1807.280808,1,0.01912087579,1,native-token
590366_0x08e9e9424f7342618d5d66a64ad370b4bba1c25d,1745830658,0,0.0,0,269865,True,current-amount-state,0x08e9e9424f7342618d5d66a64ad370b4bba1c25d,94518.72536,52.298859679326824,52.29885968,token0,1807.280808,1,0.01912087579,token1,1807.280808,1,0.01912087579,1,native-token
590560_0x08e9e9424f7342618d5d66a64ad370b4bba1c25d,1745830658,0,0.0,0,269851,True,current-amount-state,0x08e9e9424f7342618d5d66a64ad370b4bba1c25d,94518.72536,52.298859679326824,52.29885968,token0,1807.280808,1,0.01912087579,token1,1807.280808,1,0.01912087579,1,native-token
590566_0x08e9e9424f7342618d5d66a64ad370b4bba1c25d,1745830658,0,0.0,0,269879,True,current-amount-state,0x08e9e9424f7342618d5d66a64ad370b4bba1c25d,94518.72536,52.298859679326824,52.29885968,token0,1807.280808,1,0.01912087579,token1,1807.280808,1,0.01912087579,1,native-token
603758_0x08e9e9424f7342618d5d66a64ad370b4bba1c25d,1745830658,0,0.0,0,269865,True,current-amount-state,0x08e9e9424f7342618d5d66a64ad370b4bba1c25d,94518.72536,52.298859679326824,52.29885968,token0,1807.280808,1,0.01912087579,token1,1807.280808,1,0.01912087579,1,native-token
680850_0x08e9e9424f7342618d5d66a64ad370b4bba1c25d,1745830658,0,0.0,0,269865,True,current-amount-state,0x08e9e9424f7342618d5d66a64ad370b4bba1c25d,94518.72536,52.298859679326824,52.29885968,token0,1807.280808,1,0.01912087579,token1,1807.280808,1,0.01912087579,1,native-token
649891_0xa028bef2835cab01d39dc3ff34abc46a2f665bb4,1745830656,0,0.0,0,269865,True,current-amount-state,0xa028bef2835cab01d39dc3ff34abc46a2f665bb4,94740.41669,52.421525356600384,52.42152536,token0,1807.280808,1,0.0190761332,token1,1807.280808,1,0.0190761332,1,native-token
728805_0xa028bef2835cab01d39dc3ff34abc46a2f665bb4,1745830656,0,0.0,0,269865,True,current-amount-state,0xa028bef2835cab01d39dc3ff34abc46a2f665bb4,94740.41669,52.421525356600384,52.42152536,token0,1807.280808,1,0.0190761332,token1,1807.280808,1,0.0190761332,1,native-token
670895_0xa028bef2835cab01d39dc3ff34abc46a2f665bb4,1745830656,0,0.0,0,269865,True,current-amount-state,0xa028bef2835cab01d39dc3ff34abc46a2f665bb4,94740.41669,52.421525356600384,52.42152536,token0,1807.280808,1,0.0190761332,token1,1807.280808,1,0.0190761332,1,native-token
684812_0xa028bef2835cab01d39dc3ff34abc46a2f665bb4,1745830656,0,0.0,0,269865,True,current-amount-state,0xa028bef2835cab01d39dc3ff34abc46a2f665bb4,94740.41669,52.421525356600384,52.42152536,token0,1807.280808,1,0.0190761332,token1,1807.280808,1,0.0190761332,1,native-token
633962_0xa028bef2835cab01d39dc3ff34abc46a2f665bb4,1745830656,0,0.0,0,269865,True,current-amount-state,0xa028bef2835cab01d39dc3ff34abc46a2f665bb4,94740.41669,52.421525356600384,52.42152536,token0,1807.280808,1,0.0190761332,token1,1807.280808,1,0.0190761332,1,native-token
640383_0xa028bef2835cab01d39dc3ff34abc46a2f665bb4,1745830656,0,0.0,0,269865,True,current-amount-state,0xa028bef2835cab01d39dc3ff34abc46a2f665bb4,94740.41669,52.421525356600384,52.42152536,token0,1807.280808,1,0.0190761332,token1,1807.280808,1,0.0190761332,1,native-token
629773_0xa028bef2835cab01d39dc3ff34abc46a2f665bb4,1745830656,0,0.0,0,269865,True,current-amount-state,0xa028bef2835cab01d39dc3ff34abc46a2f665bb4,94740.41669,52.421525356600384,52.42152536,token0,1807.280808,1,0.0190761332,token1,1807.280808,1,0.0190761332,1,native-token
864605_0x85e01add9bcc25918c330c42deea69ce5be3ec5d,1745830672,0,0.0,0,269851,True,current-amount-state,0x85e01add9bcc25918c330c42deea69ce5be3ec5d,94740.41669,52.421525356600384,52.42152536,token0,1807.280808,1,0.0190761332,token1,1807.280808,1,0.0190761332,1,native-token
462639_0x85e01add9bcc25918c330c42deea69ce5be3ec5d,1745830673,0,0.0,0,269865,True,current-amount-state,0x85e01add9bcc25918c330c42deea69ce5be3ec5d,94740.41669,52.421525356600384,52.42152536,token0,1807.280808,1,0.0190761332,token1,1807.280808,1,0.0190761332,1,native-token
360825_0x85e01add9bcc25918c330c42deea69ce5be3ec5d,1745830672,0,0.0,0,269851,True,current-amount-state,0x85e01add9bcc25918c330c42deea69ce5be3ec5d,94740.41669,52.421525356600384,52.42152536,token0,1807.280808,1,0.0190761332,token1,1807.280808,1,0.0190761332,1,native-token
453388_0x85e01add9bcc25918c330c42deea69ce5be3ec5d,1745830672,0,0.0,0,269851,True,current-amount-state,0x85e01add9bcc25918c330c42deea69ce5be3ec5d,94740.41669,52.421525356600384,52.42152536,token0,1807.280808,1,0.0190761332,token1,1807.280808,1,0.0190761332,1,native-token
820607_0x85e01add9bcc25918c330c42deea69ce5be3ec5d,1745830672,0,0.0,0,269851,True,current-amount-state,0x85e01add9bcc25918c330c42deea69ce5be3ec5d,94740.41669,52.421525356600384,52.42152536,token0,1807.280808,1,0.0190761332,token1,1807.280808,1,0.0190761332,1,native-token
821636_0x85e01add9bcc25918c330c42deea69ce5be3ec5d,1745830673,0,0.0,0,269851,True,current-amount-state,0x85e01add9bcc25918c330c42deea69ce5be3ec5d,94740.41669,52.421525356600384,52.42152536,token0,1807.280808,1,0.0190761332,token1,1807.280808,1,0.0190761332,1,native-token
514953_0xaff0915364800bd6a97f1d7a23f58ee4b1225053,1745830687,0,0.0,0,269865,True,current-amount-state,0xaff0915364800bd6a97f1d7a23f58ee4b1225053,94740.41669,52.421525356600384,52.42152536,token0,1807.280808,1,0.0190761332,token1,1807.280808,1,0.0190761332,1,native-token
850809_0xb515c3052193d329b34dccfc9e25750b7df0c40b,1745830692,0,0.0,0,269865,True,current-amount-state,0xb515c3052193d329b34dccfc9e25750b7df0c40b,94740.41669,52.421525356600384,52.42152536,token0,1807.280808,1,0.0190761332,token1,1807.280808,1,0.0190761332,1,native-token
737539_0xbf246450f226f236ffd523dd527d28c5a852d6dd,1745830708,0,61.53926424,506076375994669,269865,True,current-amount-state,0xbf246450f226f236ffd523dd527d28c5a852d6dd,94740.41669,52.421525356600384,52.42152536,token0,1807.280808,1,0.0190761332,token1,1807.280808,1,0.0190761332,1,native-token
349052_0xbf246450f226f236ffd523dd527d28c5a852d6dd,1745830708,0,142.9285905,1710993426528202,269851,True,current-amount-state,0xbf246450f226f236ffd523dd527d28c5a852d6dd,94740.41669,52.421525356600384,52.42152536,token0,1807.280808,1,0.0190761332,token1,1807.280808,1,0.0190761332,1,native-token
4380_0xbf246450f226f236ffd523dd527d28c5a852d6dd,1745830716,0,0.0,0,922,True,current-amount-state,0xbf246450f226f236ffd523dd527d28c5a852d6dd,1981.502401,1.0959572104265374,1.09595721,token0,1808.010734,1,0.9124443824,token1,1808.010734,1,0.9124443824,1,native-token
2306_0xd504bd85eb78e6f37afd2d6124edfce14c0b037b,1745830644,0.0,0,0,10919,True,current-amount-state,0xd504bd85eb78e6f37afd2d6124edfce14c0b037b,1807.285639,1,2.980038261,token0,606.4639043,0.3355661614323503,0.3355661614,token1,606.4639043,0.3355661614323503,0.3355661614,1,native-token
1846141_0xb515c3052193d329b34dccfc9e25750b7df0c40b,1745830690,18.17774027,0,365047566332716,-269871,True,current-amount-state,0xb515c3052193d329b34dccfc9e25750b7df0c40b,1808.510438,1,0.01914481682,token0,94464.75541,52.23345877744775,52.23345878,token1,1808.510438,1,1,0.01914481682,native-token
1846088_0xb515c3052193d329b34dccfc9e25750b7df0c40b,1745830692,0.0,0,0,-269871,True,current-amount-state,0xb515c3052193d329b34dccfc9e25750b7df0c40b,1808.510438,1,0.01914481682,token0,94464.75541,52.23345877744775,52.23345878,token1,1808.510438,1,1,0.01914481682,native-token
4128481_0xb515c3052193d329b34dccfc9e25750b7df0c40b,1745830692,0.0,0,0,-269856,True,current-amount-state,0xb515c3052193d329b34dccfc9e25750b7df0c40b,1809.481207,1,0.01909480889,token0,94762.9912,52.37025444122263,52.37025444,token1,1809.481207,1,1,0.01909480889,native-token
930208_0x2f4594ffe5868c25e941b5a03af3f8d0deb52505,1745830638,0.06399874923,0.1311828706,1206757892,-6,True,current-amount-state,0x2f4594ffe5868c25e941b5a03af3f8d0deb52505,94518.72536,52.298859679326824,0.9971287842,token0,94790.89046,52.44945337763405,1.002879483,token1,1807.280808,1,0.01912087579,0.01906597563,native-token
930217_0x2f4594ffe5868c25e941b5a03af3f8d0deb52505,1745830638,1038.158088,0.010976639299999999,33757202,-68524,True,current-amount-state,0x2f4594ffe5868c25e941b5a03af3f8d0deb52505,1.0,0.0005533174456030549,1.054953693e-05,token0,94790.89046,52.44945337763405,94790.89046,token1,1807.280808,1,1807.280808,0.01906597563,native-token
