position_id,amount0,amount1,current,timestamp,type,owner,prices_token0_usd,prices_token0_eth,prices_token0_token1,prices_token0_token_key,prices_token1_usd,prices_token1_eth,prices_token1_token0,prices_token1_token_key
417295_0x75e126db7f730fada6c3b879413bea339a357e50,0.0,0.0,True,1745830609,unclaimed-fees-state,0x75e126db7f730fada6c3b879413bea339a357e50,0.0,0,0,token0,0.0,0,0,token1
417781_0x2f4594ffe5868c25e941b5a03af3f8d0deb52505,0.0,0.0,True,1745830638,unclaimed-fees-state,0x2f4594ffe5868c25e941b5a03af3f8d0deb52505,0.0,0,0,token0,0.0,0,0,token1
417570_0xc76cadbbbbbc4dc6299aedb5202ae0c33b59f0a7,0.0,0.0,True,1745830640,unclaimed-fees-state,0xc76cadbbbbbc4dc6299aedb5202ae0c33b59f0a7,0.0,0,0,token0,0.0,0,0,token1
97802_0xd504bd85eb78e6f37afd2d6124edfce14c0b037b,0.0,0.0,True,1745830643,unclaimed-fees-state,0xd504bd85eb78e6f37afd2d6124edfce14c0b037b,0.0,0,0,token0,0.0,0,0,token1
418546_0x84754ff267164b75413ad01f35429e52125c0cdf,0.0,0.0,True,1745830648,unclaimed-fees-state,0x84754ff267164b75413ad01f35429e52125c0cdf,0.0,0,0,token0,0.0,0,0,token1
417651_0x8c9af878a44678b49aef8c60ab0e90ffd9271e54,0.0,0.0,True,1745830650,unclaimed-fees-state,0x8c9af878a44678b49aef8c60ab0e90ffd9271e54,0.0,0,0,token0,0.0,0,0,token1
417773_0x077490ea44ead91c83d019b96cb9792ec04175cf,0.0,0.0,True,1745830654,unclaimed-fees-state,0x077490ea44ead91c83d019b96cb9792ec04175cf,0.0,0,0,token0,0.0,0,0,token1
417429_0x965f166c972ac0ce323a9f017b11c5944eb96fd8,0.0,0.0,True,1745830689,unclaimed-fees-state,0x965f166c972ac0ce323a9f017b11c5944eb96fd8,0.0,0,0,token0,0.0,0,0,token1
784781_0xbf246450f226f236ffd523dd527d28c5a852d6dd,0.0,0.0,True,1745830716,unclaimed-fees-state,0xbf246450f226f236ffd523dd527d28c5a852d6dd,1806.639301,1,1809.379332,token0,0.9984856515,0.0005526757061577184,0.0005526757062,token1
4391575_0xaff0915364800bd6a97f1d7a23f58ee4b1225053,0.0,0.0,True,1745830687,unclaimed-fees-state,0xaff0915364800bd6a97f1d7a23f58ee4b1225053,1806.639301,1,1808.862141,token0,0.998771139,0.0005528337274837813,0.0005528337275,token1
4384548_0xaff0915364800bd6a97f1d7a23f58ee4b1225053,0.0,0.0,True,1745830687,unclaimed-fees-state,0xaff0915364800bd6a97f1d7a23f58ee4b1225053,1806.639301,1,1808.862141,token0,0.998771139,0.0005528337274837813,0.0005528337275,token1
4127942_0xb515c3052193d329b34dccfc9e25750b7df0c40b,0.0,0.0,True,1745830692,unclaimed-fees-state,0xb515c3052193d329b34dccfc9e25750b7df0c40b,1809.481207,1,1811.587218,token0,0.9988374774,0.0005520021283948865,0.0005520021284,token1
4246114_0xb515c3052193d329b34dccfc9e25750b7df0c40b,0.0,0.0,True,1745830692,unclaimed-fees-state,0xb515c3052193d329b34dccfc9e25750b7df0c40b,1809.481207,1,1811.587218,token0,0.9988374774,0.0005520021283948865,0.0005520021284,token1
4233532_0xc207961dc90ddc4f6c9b236964e6d6e2a495dc97,0.005210882100093045,10.276433,True,1745830641,unclaimed-fees-state,0xc207961dc90ddc4f6c9b236964e6d6e2a495dc97,1806.639301,1,1808.370452,token0,0.9990427014,0.000552984041038019,0.000552984041,token1
1965711_0x051d091b254ecdbbb4eb8e6311b7939829380b27,0.0,0.0,True,1745830652,unclaimed-fees-state,0x051d091b254ecdbbb4eb8e6311b7939829380b27,94558.81458,52.339620049069296,94649.42234,token0,0.9990427014,0.000552984041038019,1.056530484e-05,token1
4174_0xbf246450f226f236ffd523dd527d28c5a852d6dd,0.0,0.0,True,1745830716,unclaimed-fees-state,0xbf246450f226f236ffd523dd527d28c5a852d6dd,1808.010734,1,1808.157304,token0,0.9999189395,0.0005530492272778311,0.0005530492273,token1
318474_0x75e126db7f730fada6c3b879413bea339a357e50,0.0,0.0,True,1745830618,unclaimed-fees-state,0x75e126db7f730fada6c3b879413bea339a357e50,1807.280808,1,1807.280808,token0,1.0,0.0005533174456030549,0.0005533174456,token1
507729_0x75e126db7f730fada6c3b879413bea339a357e50,0.0,0.0,True,1745830618,unclaimed-fees-state,0x75e126db7f730fada6c3b879413bea339a357e50,1807.280808,1,1807.280808,token0,1.0,0.0005533174456030549,0.0005533174456,token1
716215_0xc76cadbbbbbc4dc6299aedb5202ae0c33b59f0a7,0.0,0.0,True,1745830641,unclaimed-fees-state,0xc76cadbbbbbc4dc6299aedb5202ae0c33b59f0a7,1807.280808,1,1807.280808,token0,1.0,0.0005533174456030549,0.0005533174456,token1
243013_0xc76cadbbbbbc4dc6299aedb5202ae0c33b59f0a7,0.0,0.0,True,1745830641,unclaimed-fees-state,0xc76cadbbbbbc4dc6299aedb5202ae0c33b59f0a7,1807.280808,1,1807.280808,token0,1.0,0.0005533174456030549,0.0005533174456,token1
212678_0xc76cadbbbbbc4dc6299aedb5202ae0c33b59f0a7,0.0,0.0,True,1745830641,unclaimed-fees-state,0xc76cadbbbbbc4dc6299aedb5202ae0c33b59f0a7,1807.280808,1,1807.280808,token0,1.0,0.0005533174456030549,0.0005533174456,token1
736933_0xc76cadbbbbbc4dc6299aedb5202ae0c33b59f0a7,0.0,0.0,True,1745830641,unclaimed-fees-state,0xc76cadbbbbbc4dc6299aedb5202ae0c33b59f0a7,1807.280808,1,1807.280808,token0,1.0,0.0005533174456030549,0.0005533174456,token1
793060_0xc207961dc90ddc4f6c9b236964e6d6e2a495dc97,0.0,0.0,True,1745830642,unclaimed-fees-state,0xc207961dc90ddc4f6c9b236964e6d6e2a495dc97,1807.280808,1,1807.280808,token0,1.0,0.0005533174456030549,0.0005533174456,token1
807411_0xc207961dc90ddc4f6c9b236964e6d6e2a495dc97,0.0,0.0,True,1745830642,unclaimed-fees-state,0xc207961dc90ddc4f6c9b236964e6d6e2a495dc97,1807.280808,1,1807.280808,token0,1.0,0.0005533174456030549,0.0005533174456,token1
793139_0xc207961dc90ddc4f6c9b236964e6d6e2a495dc97,0.0,0.0,True,1745830642,unclaimed-fees-state,0xc207961dc90ddc4f6c9b236964e6d6e2a495dc97,1807.280808,1,1807.280808,token0,1.0,0.0005533174456030549,0.0005533174456,token1
793119_0xc207961dc90ddc4f6c9b236964e6d6e2a495dc97,0.0,0.0,True,1745830642,unclaimed-fees-state,0xc207961dc90ddc4f6c9b236964e6d6e2a495dc97,1807.280808,1,1807.280808,token0,1.0,0.0005533174456030549,0.0005533174456,token1
480398_0xd504bd85eb78e6f37afd2d6124edfce14c0b037b,0.0,0.0,True,1745830644,unclaimed-fees-state,0xd504bd85eb78e6f37afd2d6124edfce14c0b037b,1807.280808,1,1807.280808,token0,1.0,0.0005533174456030549,0.0005533174456,token1
45082_0x020ef786f8c4d19ec3f949fd933ccd1b264c9f9a,0.0,0.0,True,1745830647,unclaimed-fees-state,0x020ef786f8c4d19ec3f949fd933ccd1b264c9f9a,1807.280808,1,1807.280808,token0,1.0,0.0005533174456030549,0.0005533174456,token1
736864_0x8c9af878a44678b49aef8c60ab0e90ffd9271e54,0.0,0.0,True,1745830651,unclaimed-fees-state,0x8c9af878a44678b49aef8c60ab0e90ffd9271e54,1807.280808,1,1807.280808,token0,1.0,0.0005533174456030549,0.0005533174456,token1
395326_0x8c9af878a44678b49aef8c60ab0e90ffd9271e54,0.0,0.0,True,1745830651,unclaimed-fees-state,0x8c9af878a44678b49aef8c60ab0e90ffd9271e54,1807.280808,1,1807.280808,token0,1.0,0.0005533174456030549,0.0005533174456,token1
360571_0x8c9af878a44678b49aef8c60ab0e90ffd9271e54,0.0,0.0,True,1745830651,unclaimed-fees-state,0x8c9af878a44678b49aef8c60ab0e90ffd9271e54,1807.280808,1,1807.280808,token0,1.0,0.0005533174456030549,0.0005533174456,token1
637647_0x8c9af878a44678b49aef8c60ab0e90ffd9271e54,0.0,0.0,True,1745830651,unclaimed-fees-state,0x8c9af878a44678b49aef8c60ab0e90ffd9271e54,1807.280808,1,1807.280808,token0,1.0,0.0005533174456030549,0.0005533174456,token1
562034_0x8c9af878a44678b49aef8c60ab0e90ffd9271e54,0.0,0.0,True,1745830651,unclaimed-fees-state,0x8c9af878a44678b49aef8c60ab0e90ffd9271e54,1807.280808,1,1807.280808,token0,1.0,0.0005533174456030549,0.0005533174456,token1
360550_0x8c9af878a44678b49aef8c60ab0e90ffd9271e54,0.0,0.0,True,1745830651,unclaimed-fees-state,0x8c9af878a44678b49aef8c60ab0e90ffd9271e54,1807.280808,1,1807.280808,token0,1.0,0.0005533174456030549,0.0005533174456,token1
872449_0xaff0915364800bd6a97f1d7a23f58ee4b1225053,0.0,0.0,True,1745830687,unclaimed-fees-state,0xaff0915364800bd6a97f1d7a23f58ee4b1225053,1807.280808,1,1807.280808,token0,1.0,0.0005533174456030549,0.0005533174456,token1
862989_0xaff0915364800bd6a97f1d7a23f58ee4b1225053,0.0,0.0,True,1745830687,unclaimed-fees-state,0xaff0915364800bd6a97f1d7a23f58ee4b1225053,1807.280808,1,1807.280808,token0,1.0,0.0005533174456030549,0.0005533174456,token1
773961_0x965f166c972ac0ce323a9f017b11c5944eb96fd8,0.07593174344209182,132.943419,True,1745830689,unclaimed-fees-state,0x965f166c972ac0ce323a9f017b11c5944eb96fd8,1807.280808,1,1807.280808,token0,1.0,0.0005533174456030549,0.0005533174456,token1
706445_0x051d091b254ecdbbb4eb8e6311b7939829380b27,0.0,0.0,True,1745830653,unclaimed-fees-state,0x051d091b254ecdbbb4eb8e6311b7939829380b27,1.16157295,0.000642718577770066,1.16157295,token0,1.0,0.0005533174456030549,0.8609015901,token1
21557_0x0bcc7af222cb7b848fc8f2b9c11978bc3cc6ac59,0.0,0.0,True,1745830627,unclaimed-fees-state,0x0bcc7af222cb7b848fc8f2b9c11978bc3cc6ac59,1.0,0.0005533174456030549,1,token0,1.0,0.0005533174456030549,1,token1
463511_0x051d091b254ecdbbb4eb8e6311b7939829380b27,0.0,0.0,True,1745830653,unclaimed-fees-state,0x051d091b254ecdbbb4eb8e6311b7939829380b27,1.0,0.0005533174456030549,1,token0,1.0,0.0005533174456030549,1,token1
709572_0x84754ff267164b75413ad01f35429e52125c0cdf,0.00694701,533.157944,True,1745830648,unclaimed-fees-state,0x84754ff267164b75413ad01f35429e52125c0cdf,94518.72536,52.298859679326824,94518.72536,token0,1.0,0.0005533174456030549,1.057991415e-05,token1
374493_0x84754ff267164b75413ad01f35429e52125c0cdf,0.0,0.0,True,1745830650,unclaimed-fees-state,0x84754ff267164b75413ad01f35429e52125c0cdf,94518.72536,52.298859679326824,94518.72536,token0,1.0,0.0005533174456030549,1.057991415e-05,token1
714887_0x8c9af878a44678b49aef8c60ab0e90ffd9271e54,0.0,0.0,True,1745830651,unclaimed-fees-state,0x8c9af878a44678b49aef8c60ab0e90ffd9271e54,94518.72536,52.298859679326824,94518.72536,token0,1.0,0.0005533174456030549,1.057991415e-05,token1
685942_0x8c9af878a44678b49aef8c60ab0e90ffd9271e54,0.0,0.0,True,1745830651,unclaimed-fees-state,0x8c9af878a44678b49aef8c60ab0e90ffd9271e54,94518.72536,52.298859679326824,94518.72536,token0,1.0,0.0005533174456030549,1.057991415e-05,token1
736336_0x8c9af878a44678b49aef8c60ab0e90ffd9271e54,0.0,0.0,True,1745830651,unclaimed-fees-state,0x8c9af878a44678b49aef8c60ab0e90ffd9271e54,94518.72536,52.298859679326824,94518.72536,token0,1.0,0.0005533174456030549,1.057991415e-05,token1
816096_0x8c9af878a44678b49aef8c60ab0e90ffd9271e54,0.0,0.0,True,1745830651,unclaimed-fees-state,0x8c9af878a44678b49aef8c60ab0e90ffd9271e54,94518.72536,52.298859679326824,94518.72536,token0,1.0,0.0005533174456030549,1.057991415e-05,token1
751481_0x051d091b254ecdbbb4eb8e6311b7939829380b27,0.0,0.0,True,1745830653,unclaimed-fees-state,0x051d091b254ecdbbb4eb8e6311b7939829380b27,94518.72536,52.298859679326824,94518.72536,token0,1.0,0.0005533174456030549,1.057991415e-05,token1
859540_0x051d091b254ecdbbb4eb8e6311b7939829380b27,0.0,0.0,True,1745830653,unclaimed-fees-state,0x051d091b254ecdbbb4eb8e6311b7939829380b27,94518.72536,52.298859679326824,94518.72536,token0,1.0,0.0005533174456030549,1.057991415e-05,token1
586687_0x051d091b254ecdbbb4eb8e6311b7939829380b27,0.0,0.0,True,1745830653,unclaimed-fees-state,0x051d091b254ecdbbb4eb8e6311b7939829380b27,94518.72536,52.298859679326824,94518.72536,token0,1.0,0.0005533174456030549,1.057991415e-05,token1
687681_0x051d091b254ecdbbb4eb8e6311b7939829380b27,0.0,0.0,True,1745830653,unclaimed-fees-state,0x051d091b254ecdbbb4eb8e6311b7939829380b27,94518.72536,52.298859679326824,94518.72536,token0,1.0,0.0005533174456030549,1.057991415e-05,token1
671704_0x051d091b254ecdbbb4eb8e6311b7939829380b27,0.0,0.0,True,1745830653,unclaimed-fees-state,0x051d091b254ecdbbb4eb8e6311b7939829380b27,94518.72536,52.298859679326824,94518.72536,token0,1.0,0.0005533174456030549,1.057991415e-05,token1
402709_0x8c9af878a44678b49aef8c60ab0e90ffd9271e54,0.0,0.0,True,1745830651,unclaimed-fees-state,0x8c9af878a44678b49aef8c60ab0e90ffd9271e54,0.2421772978,0.00013400092378204297,0.2421772978,token0,1.0,0.0005533174456030549,4.129206202,token1
706424_0x051d091b254ecdbbb4eb8e6311b7939829380b27,0.0,0.0,True,1745830653,unclaimed-fees-state,0x051d091b254ecdbbb4eb8e6311b7939829380b27,94518.72536,52.298859679326824,81371.32096,token0,1.16157295,0.000642718577770066,1.228934209e-05,token1
871992_0x020ef786f8c4d19ec3f949fd933ccd1b264c9f9a,0.0,0.0,True,1745830647,unclaimed-fees-state,0x020ef786f8c4d19ec3f949fd933ccd1b264c9f9a,1807.280808,1,12550564850.0,token0,1.439999577e-07,7.967768878641925e-11,7.967768879e-11,token1
870988_0x020ef786f8c4d19ec3f949fd933ccd1b264c9f9a,0.0,0.0,True,1745830647,unclaimed-fees-state,0x020ef786f8c4d19ec3f949fd933ccd1b264c9f9a,1807.280808,1,12550564850.0,token0,1.439999577e-07,7.967768878641925e-11,7.967768879e-11,token1
321006_0x2f4594ffe5868c25e941b5a03af3f8d0deb52505,0.0,0.0,True,1745830639,unclaimed-fees-state,0x2f4594ffe5868c25e941b5a03af3f8d0deb52505,94518.72536,52.298859679326824,5.504133667,token0,17172.3165,9.501742298392815,0.1816816343,token1
342223_0x2f4594ffe5868c25e941b5a03af3f8d0deb52505,0.0,0.0,True,1745830639,unclaimed-fees-state,0x2f4594ffe5868c25e941b5a03af3f8d0deb52505,94518.72536,52.298859679326824,5.504133667,token0,17172.3165,9.501742298392815,0.1816816343,token1
368198_0x2f4594ffe5868c25e941b5a03af3f8d0deb52505,0.0,0.0,True,1745830639,unclaimed-fees-state,0x2f4594ffe5868c25e941b5a03af3f8d0deb52505,0.0,0,0,token0,1807.280808,1,0,token1
649891_0xa028bef2835cab01d39dc3ff34abc46a2f665bb4,0.0,0.0,True,1745830656,unclaimed-fees-state,0xa028bef2835cab01d39dc3ff34abc46a2f665bb4,94740.41669,52.421525356600384,52.42152536,token0,1807.280808,1,0.0190761332,token1
728805_0xa028bef2835cab01d39dc3ff34abc46a2f665bb4,0.0,0.0,True,1745830656,unclaimed-fees-state,0xa028bef2835cab01d39dc3ff34abc46a2f665bb4,94740.41669,52.421525356600384,52.42152536,token0,1807.280808,1,0.0190761332,token1
670895_0xa028bef2835cab01d39dc3ff34abc46a2f665bb4,0.0,0.0,True,1745830656,unclaimed-fees-state,0xa028bef2835cab01d39dc3ff34abc46a2f665bb4,94740.41669,52.421525356600384,52.42152536,token0,1807.280808,1,0.0190761332,token1
684812_0xa028bef2835cab01d39dc3ff34abc46a2f665bb4,0.0,0.0,True,1745830656,unclaimed-fees-state,0xa028bef2835cab01d39dc3ff34abc46a2f665bb4,94740.41669,52.421525356600384,52.42152536,token0,1807.280808,1,0.0190761332,token1
633962_0xa028bef2835cab01d39dc3ff34abc46a2f665bb4,0.0,0.0,True,1745830656,unclaimed-fees-state,0xa028bef2835cab01d39dc3ff34abc46a2f665bb4,94740.41669,52.421525356600384,52.42152536,token0,1807.280808,1,0.0190761332,token1
640383_0xa028bef2835cab01d39dc3ff34abc46a2f665bb4,0.0,0.0,True,1745830656,unclaimed-fees-state,0xa028bef2835cab01d39dc3ff34abc46a2f665bb4,94740.41669,52.421525356600384,52.42152536,token0,1807.280808,1,0.0190761332,token1
629773_0xa028bef2835cab01d39dc3ff34abc46a2f665bb4,0.0,0.0,True,1745830656,unclaimed-fees-state,0xa028bef2835cab01d39dc3ff34abc46a2f665bb4,94740.41669,52.421525356600384,52.42152536,token0,1807.280808,1,0.0190761332,token1
864605_0x85e01add9bcc25918c330c42deea69ce5be3ec5d,0.0,0.0,True,1745830672,unclaimed-fees-state,0x85e01add9bcc25918c330c42deea69ce5be3ec5d,94740.41669,52.421525356600384,52.42152536,token0,1807.280808,1,0.0190761332,token1
462639_0x85e01add9bcc25918c330c42deea69ce5be3ec5d,0.0,0.0,True,1745830673,unclaimed-fees-state,0x85e01add9bcc25918c330c42deea69ce5be3ec5d,94740.41669,52.421525356600384,52.42152536,token0,1807.280808,1,0.0190761332,token1
360825_0x85e01add9bcc25918c330c42deea69ce5be3ec5d,0.0,0.0,True,1745830672,unclaimed-fees-state,0x85e01add9bcc25918c330c42deea69ce5be3ec5d,94740.41669,52.421525356600384,52.42152536,token0,1807.280808,1,0.0190761332,token1
453388_0x85e01add9bcc25918c330c42deea69ce5be3ec5d,0.0,0.0,True,1745830672,unclaimed-fees-state,0x85e01add9bcc25918c330c42deea69ce5be3ec5d,94740.41669,52.421525356600384,52.42152536,token0,1807.280808,1,0.0190761332,token1
820607_0x85e01add9bcc25918c330c42deea69ce5be3ec5d,0.0,0.0,True,1745830672,unclaimed-fees-state,0x85e01add9bcc25918c330c42deea69ce5be3ec5d,94740.41669,52.421525356600384,52.42152536,token0,1807.280808,1,0.0190761332,token1
821636_0x85e01add9bcc25918c330c42deea69ce5be3ec5d,0.0,0.0,True,1745830673,unclaimed-fees-state,0x85e01add9bcc25918c330c42deea69ce5be3ec5d,94740.41669,52.421525356600384,52.42152536,token0,1807.280808,1,0.0190761332,token1
514953_0xaff0915364800bd6a97f1d7a23f58ee4b1225053,0.0,0.0,True,1745830687,unclaimed-fees-state,0xaff0915364800bd6a97f1d7a23f58ee4b1225053,94740.41669,52.421525356600384,52.42152536,token0,1807.280808,1,0.0190761332,token1
850809_0xb515c3052193d329b34dccfc9e25750b7df0c40b,0.0,0.0,True,1745830692,unclaimed-fees-state,0xb515c3052193d329b34dccfc9e25750b7df0c40b,94740.41669,52.421525356600384,52.42152536,token0,1807.280808,1,0.0190761332,token1
737539_0xbf246450f226f236ffd523dd527d28c5a852d6dd,0.04572433,1.117972165780277,True,1745830708,unclaimed-fees-state,0xbf246450f226f236ffd523dd527d28c5a852d6dd,94740.41669,52.421525356600384,52.42152536,token0,1807.280808,1,0.0190761332,token1
349052_0xbf246450f226f236ffd523dd527d28c5a852d6dd,0.00588017,0.10812893804721035,True,1745830708,unclaimed-fees-state,0xbf246450f226f236ffd523dd527d28c5a852d6dd,94740.41669,52.421525356600384,52.42152536,token0,1807.280808,1,0.0190761332,token1
319055_0x75e126db7f730fada6c3b879413bea339a357e50,0.0,0.0,True,1745830618,unclaimed-fees-state,0x75e126db7f730fada6c3b879413bea339a357e50,94518.72536,52.298859679326824,52.29885968,token0,1807.280808,1,0.01912087579,token1
362598_0x75e126db7f730fada6c3b879413bea339a357e50,0.0,0.0,True,1745830618,unclaimed-fees-state,0x75e126db7f730fada6c3b879413bea339a357e50,94518.72536,52.298859679326824,52.29885968,token0,1807.280808,1,0.01912087579,token1
919979_0x0bcc7af222cb7b848fc8f2b9c11978bc3cc6ac59,0.00333937,0.14452452410259384,True,1745830626,unclaimed-fees-state,0x0bcc7af222cb7b848fc8f2b9c11978bc3cc6ac59,94518.72536,52.298859679326824,52.29885968,token0,1807.280808,1,0.01912087579,token1
21550_0x0bcc7af222cb7b848fc8f2b9c11978bc3cc6ac59,0.0,0.0,True,1745830637,unclaimed-fees-state,0x0bcc7af222cb7b848fc8f2b9c11978bc3cc6ac59,94518.72536,52.298859679326824,52.29885968,token0,1807.280808,1,0.01912087579,token1
919978_0x0bcc7af222cb7b848fc8f2b9c11978bc3cc6ac59,0.0,0.0,True,1745830637,unclaimed-fees-state,0x0bcc7af222cb7b848fc8f2b9c11978bc3cc6ac59,94518.72536,52.298859679326824,52.29885968,token0,1807.280808,1,0.01912087579,token1
930187_0x2f4594ffe5868c25e941b5a03af3f8d0deb52505,0.00001319,0.000627214042787829,True,1745830638,unclaimed-fees-state,0x2f4594ffe5868c25e941b5a03af3f8d0deb52505,94518.72536,52.298859679326824,52.29885968,token0,1807.280808,1,0.01912087579,token1
316872_0x2f4594ffe5868c25e941b5a03af3f8d0deb52505,0.0,0.0,True,1745830639,unclaimed-fees-state,0x2f4594ffe5868c25e941b5a03af3f8d0deb52505,94518.72536,52.298859679326824,52.29885968,token0,1807.280808,1,0.01912087579,token1
413103_0x2f4594ffe5868c25e941b5a03af3f8d0deb52505,0.0,0.0,True,1745830639,unclaimed-fees-state,0x2f4594ffe5868c25e941b5a03af3f8d0deb52505,94518.72536,52.298859679326824,52.29885968,token0,1807.280808,1,0.01912087579,token1
735475_0xd504bd85eb78e6f37afd2d6124edfce14c0b037b,0.0,0.0,True,1745830644,unclaimed-fees-state,0xd504bd85eb78e6f37afd2d6124edfce14c0b037b,94518.72536,52.298859679326824,52.29885968,token0,1807.280808,1,0.01912087579,token1
700368_0xd504bd85eb78e6f37afd2d6124edfce14c0b037b,0.0,0.0,True,1745830644,unclaimed-fees-state,0xd504bd85eb78e6f37afd2d6124edfce14c0b037b,94518.72536,52.298859679326824,52.29885968,token0,1807.280808,1,0.01912087579,token1
347762_0xd504bd85eb78e6f37afd2d6124edfce14c0b037b,0.0,0.0,True,1745830644,unclaimed-fees-state,0xd504bd85eb78e6f37afd2d6124edfce14c0b037b,94518.72536,52.298859679326824,52.29885968,token0,1807.280808,1,0.01912087579,token1
433520_0xd504bd85eb78e6f37afd2d6124edfce14c0b037b,0.0,0.0,True,1745830644,unclaimed-fees-state,0xd504bd85eb78e6f37afd2d6124edfce14c0b037b,94518.72536,52.298859679326824,52.29885968,token0,1807.280808,1,0.01912087579,token1
680042_0x17ac2eeaf4eeefab2379118d8ffde37188243bbf,0.0,0.0,True,1745830645,unclaimed-fees-state,0x17ac2eeaf4eeefab2379118d8ffde37188243bbf,94518.72536,52.298859679326824,52.29885968,token0,1807.280808,1,0.01912087579,token1
525510_0x17ac2eeaf4eeefab2379118d8ffde37188243bbf,0.0,0.0,True,1745830645,unclaimed-fees-state,0x17ac2eeaf4eeefab2379118d8ffde37188243bbf,94518.72536,52.298859679326824,52.29885968,token0,1807.280808,1,0.01912087579,token1
775365_0x17ac2eeaf4eeefab2379118d8ffde37188243bbf,0.0,0.0,True,1745830645,unclaimed-fees-state,0x17ac2eeaf4eeefab2379118d8ffde37188243bbf,94518.72536,52.298859679326824,52.29885968,token0,1807.280808,1,0.01912087579,token1
536315_0x17ac2eeaf4eeefab2379118d8ffde37188243bbf,0.0,0.0,True,1745830645,unclaimed-fees-state,0x17ac2eeaf4eeefab2379118d8ffde37188243bbf,94518.72536,52.298859679326824,52.29885968,token0,1807.280808,1,0.01912087579,token1
395562_0x8c9af878a44678b49aef8c60ab0e90ffd9271e54,0.0,0.0,True,1745830651,unclaimed-fees-state,0x8c9af878a44678b49aef8c60ab0e90ffd9271e54,94518.72536,52.298859679326824,52.29885968,token0,1807.280808,1,0.01912087579,token1
465977_0x8c9af878a44678b49aef8c60ab0e90ffd9271e54,0.0,0.0,True,1745830651,unclaimed-fees-state,0x8c9af878a44678b49aef8c60ab0e90ffd9271e54,94518.72536,52.298859679326824,52.29885968,token0,1807.280808,1,0.01912087579,token1
362016_0x8c9af878a44678b49aef8c60ab0e90ffd9271e54,0.0,0.0,True,1745830651,unclaimed-fees-state,0x8c9af878a44678b49aef8c60ab0e90ffd9271e54,94518.72536,52.298859679326824,52.29885968,token0,1807.280808,1,0.01912087579,token1
369030_0x8c9af878a44678b49aef8c60ab0e90ffd9271e54,0.0,0.0,True,1745830651,unclaimed-fees-state,0x8c9af878a44678b49aef8c60ab0e90ffd9271e54,94518.72536,52.298859679326824,52.29885968,token0,1807.280808,1,0.01912087579,token1
222580_0x077490ea44ead91c83d019b96cb9792ec04175cf,0.0,0.0,True,1745830655,unclaimed-fees-state,0x077490ea44ead91c83d019b96cb9792ec04175cf,94518.72536,52.298859679326824,52.29885968,token0,1807.280808,1,0.01912087579,token1
356394_0x077490ea44ead91c83d019b96cb9792ec04175cf,0.0,0.0,True,1745830655,unclaimed-fees-state,0x077490ea44ead91c83d019b96cb9792ec04175cf,94518.72536,52.298859679326824,52.29885968,token0,1807.280808,1,0.01912087579,token1
680011_0x077490ea44ead91c83d019b96cb9792ec04175cf,0.0,0.0,True,1745830655,unclaimed-fees-state,0x077490ea44ead91c83d019b96cb9792ec04175cf,94518.72536,52.298859679326824,52.29885968,token0,1807.280808,1,0.01912087579,token1
357202_0x077490ea44ead91c83d019b96cb9792ec04175cf,0.0,0.0,True,1745830655,unclaimed-fees-state,0x077490ea44ead91c83d019b96cb9792ec04175cf,94518.72536,52.298859679326824,52.29885968,token0,1807.280808,1,0.01912087579,token1
590366_0x08e9e9424f7342618d5d66a64ad370b4bba1c25d,0.0,0.0,True,1745830658,unclaimed-fees-state,0x08e9e9424f7342618d5d66a64ad370b4bba1c25d,94518.72536,52.298859679326824,52.29885968,token0,1807.280808,1,0.01912087579,token1
590560_0x08e9e9424f7342618d5d66a64ad370b4bba1c25d,0.0,0.0,True,1745830658,unclaimed-fees-state,0x08e9e9424f7342618d5d66a64ad370b4bba1c25d,94518.72536,52.298859679326824,52.29885968,token0,1807.280808,1,0.01912087579,token1
590566_0x08e9e9424f7342618d5d66a64ad370b4bba1c25d,0.0,0.0,True,1745830658,unclaimed-fees-state,0x08e9e9424f7342618d5d66a64ad370b4bba1c25d,94518.72536,52.298859679326824,52.29885968,token0,1807.280808,1,0.01912087579,token1
603758_0x08e9e9424f7342618d5d66a64ad370b4bba1c25d,0.0,0.0,True,1745830658,unclaimed-fees-state,0x08e9e9424f7342618d5d66a64ad370b4bba1c25d,94518.72536,52.298859679326824,52.29885968,token0,1807.280808,1,0.01912087579,token1
680850_0x08e9e9424f7342618d5d66a64ad370b4bba1c25d,0.0,0.0,True,1745830658,unclaimed-fees-state,0x08e9e9424f7342618d5d66a64ad370b4bba1c25d,94518.72536,52.298859679326824,52.29885968,token0,1807.280808,1,0.01912087579,token1
342234_0x2f4594ffe5868c25e941b5a03af3f8d0deb52505,0.0,0.0,True,1745830639,unclaimed-fees-state,0x2f4594ffe5868c25e941b5a03af3f8d0deb52505,1982.589441,1.0970013253557902,1.097001325,token0,1807.280808,1,0.9115759269,token1
919975_0x0bcc7af222cb7b848fc8f2b9c11978bc3cc6ac59,7.185297290395318,0.05197635832293757,True,1745830626,unclaimed-fees-state,0x0bcc7af222cb7b848fc8f2b9c11978bc3cc6ac59,15.05187301,0.00832846392405364,0.008328463924,token0,1807.280808,1,120.0701605,token1
699092_0xd504bd85eb78e6f37afd2d6124edfce14c0b037b,0.0,0.0,True,1745830644,unclaimed-fees-state,0xd504bd85eb78e6f37afd2d6124edfce14c0b037b,15.05187301,0.00832846392405364,0.008328463924,token0,1807.280808,1,120.0701605,token1
625108_0xd504bd85eb78e6f37afd2d6124edfce14c0b037b,0.0,0.0,True,1745830644,unclaimed-fees-state,0xd504bd85eb78e6f37afd2d6124edfce14c0b037b,15.05187301,0.00832846392405364,0.008328463924,token0,1807.280808,1,120.0701605,token1
711270_0xd504bd85eb78e6f37afd2d6124edfce14c0b037b,0.0,0.0,True,1745830644,unclaimed-fees-state,0xd504bd85eb78e6f37afd2d6124edfce14c0b037b,15.05187301,0.00832846392405364,0.008328463924,token0,1807.280808,1,120.0701605,token1
735437_0xd504bd85eb78e6f37afd2d6124edfce14c0b037b,0.0,0.0,True,1745830644,unclaimed-fees-state,0xd504bd85eb78e6f37afd2d6124edfce14c0b037b,15.05187301,0.00832846392405364,0.008328463924,token0,1807.280808,1,120.0701605,token1
374486_0x84754ff267164b75413ad01f35429e52125c0cdf,202.07510824081572,1.1579621192571625,True,1745830649,unclaimed-fees-state,0x84754ff267164b75413ad01f35429e52125c0cdf,15.05187301,0.00832846392405364,0.008328463924,token0,1807.280808,1,120.0701605,token1
952530_0x75e126db7f730fada6c3b879413bea339a357e50,2308.590054,1.2667849352157636,True,1745830609,unclaimed-fees-state,0x75e126db7f730fada6c3b879413bea339a357e50,1.0,0.0005533174456030549,0.0005533174456,token0,1807.280808,1,1807.280808,token1
951560_0x75e126db7f730fada6c3b879413bea339a357e50,14672.094908,8.376943053295168,True,1745830609,unclaimed-fees-state,0x75e126db7f730fada6c3b879413bea339a357e50,1.0,0.0005533174456030549,0.0005533174456,token0,1807.280808,1,1807.280808,token1
951565_0x75e126db7f730fada6c3b879413bea339a357e50,0.0,0.0,True,1745830618,unclaimed-fees-state,0x75e126db7f730fada6c3b879413bea339a357e50,1.0,0.0005533174456030549,0.0005533174456,token0,1807.280808,1,1807.280808,token1
318480_0x75e126db7f730fada6c3b879413bea339a357e50,0.0,0.0,True,1745830618,unclaimed-fees-state,0x75e126db7f730fada6c3b879413bea339a357e50,1.0,0.0005533174456030549,0.0005533174456,token0,1807.280808,1,1807.280808,token1
362603_0x75e126db7f730fada6c3b879413bea339a357e50,0.0,0.0,True,1745830618,unclaimed-fees-state,0x75e126db7f730fada6c3b879413bea339a357e50,1.0,0.0005533174456030549,0.0005533174456,token0,1807.280808,1,1807.280808,token1
919977_0x0bcc7af222cb7b848fc8f2b9c11978bc3cc6ac59,1213.83026,0.5889249109353103,True,1745830626,unclaimed-fees-state,0x0bcc7af222cb7b848fc8f2b9c11978bc3cc6ac59,1.0,0.0005533174456030549,0.0005533174456,token0,1807.280808,1,1807.280808,token1
21538_0x0bcc7af222cb7b848fc8f2b9c11978bc3cc6ac59,0.0,0.0,True,1745830627,unclaimed-fees-state,0x0bcc7af222cb7b848fc8f2b9c11978bc3cc6ac59,1.0,0.0005533174456030549,0.0005533174456,token0,1807.280808,1,1807.280808,token1
930216_0x2f4594ffe5868c25e941b5a03af3f8d0deb52505,1.277534,0.000696910218446796,True,1745830638,unclaimed-fees-state,0x2f4594ffe5868c25e941b5a03af3f8d0deb52505,1.0,0.0005533174456030549,0.0005533174456,token0,1807.280808,1,1807.280808,token1
211040_0xc76cadbbbbbc4dc6299aedb5202ae0c33b59f0a7,0.0,0.0,True,1745830641,unclaimed-fees-state,0xc76cadbbbbbc4dc6299aedb5202ae0c33b59f0a7,1.0,0.0005533174456030549,0.0005533174456,token0,1807.280808,1,1807.280808,token1
809534_0x020ef786f8c4d19ec3f949fd933ccd1b264c9f9a,0.0,0.0,True,1745830646,unclaimed-fees-state,0x020ef786f8c4d19ec3f949fd933ccd1b264c9f9a,1.0,0.0005533174456030549,0.0005533174456,token0,1807.280808,1,1807.280808,token1
871002_0x020ef786f8c4d19ec3f949fd933ccd1b264c9f9a,11.851309,0.004923650732774987,True,1745830646,unclaimed-fees-state,0x020ef786f8c4d19ec3f949fd933ccd1b264c9f9a,1.0,0.0005533174456030549,0.0005533174456,token0,1807.280808,1,1807.280808,token1
97260_0x020ef786f8c4d19ec3f949fd933ccd1b264c9f9a,0.0,0.0,True,1745830647,unclaimed-fees-state,0x020ef786f8c4d19ec3f949fd933ccd1b264c9f9a,1.0,0.0005533174456030549,0.0005533174456,token0,1807.280808,1,1807.280808,token1
709568_0x84754ff267164b75413ad01f35429e52125c0cdf,304.432077,0.1765656350712512,True,1745830648,unclaimed-fees-state,0x84754ff267164b75413ad01f35429e52125c0cdf,1.0,0.0005533174456030549,0.0005533174456,token0,1807.280808,1,1807.280808,token1
252234_0x84754ff267164b75413ad01f35429e52125c0cdf,0.0,0.0,True,1745830650,unclaimed-fees-state,0x84754ff267164b75413ad01f35429e52125c0cdf,1.0,0.0005533174456030549,0.0005533174456,token0,1807.280808,1,1807.280808,token1
252082_0x84754ff267164b75413ad01f35429e52125c0cdf,0.0,0.0,True,1745830650,unclaimed-fees-state,0x84754ff267164b75413ad01f35429e52125c0cdf,1.0,0.0005533174456030549,0.0005533174456,token0,1807.280808,1,1807.280808,token1
356393_0x077490ea44ead91c83d019b96cb9792ec04175cf,0.0,0.0,True,1745830655,unclaimed-fees-state,0x077490ea44ead91c83d019b96cb9792ec04175cf,1.0,0.0005533174456030549,0.0005533174456,token0,1807.280808,1,1807.280808,token1
222715_0x077490ea44ead91c83d019b96cb9792ec04175cf,0.0,0.0,True,1745830655,unclaimed-fees-state,0x077490ea44ead91c83d019b96cb9792ec04175cf,1.0,0.0005533174456030549,0.0005533174456,token0,1807.280808,1,1807.280808,token1
361671_0x077490ea44ead91c83d019b96cb9792ec04175cf,0.0,0.0,True,1745830655,unclaimed-fees-state,0x077490ea44ead91c83d019b96cb9792ec04175cf,1.0,0.0005533174456030549,0.0005533174456,token0,1807.280808,1,1807.280808,token1
452204_0x85e01add9bcc25918c330c42deea69ce5be3ec5d,0.0,0.0,True,1745830672,unclaimed-fees-state,0x85e01add9bcc25918c330c42deea69ce5be3ec5d,1.0,0.0005533174456030549,0.0005533174456,token0,1807.280808,1,1807.280808,token1
2320_0x85e01add9bcc25918c330c42deea69ce5be3ec5d,0.0,0.0,True,1745830672,unclaimed-fees-state,0x85e01add9bcc25918c330c42deea69ce5be3ec5d,1.0,0.0005533174456030549,0.0005533174456,token0,1807.280808,1,1807.280808,token1
30536_0x85e01add9bcc25918c330c42deea69ce5be3ec5d,0.0,0.0,True,1745830672,unclaimed-fees-state,0x85e01add9bcc25918c330c42deea69ce5be3ec5d,1.0,0.0005533174456030549,0.0005533174456,token0,1807.280808,1,1807.280808,token1
48665_0x85e01add9bcc25918c330c42deea69ce5be3ec5d,0.0,0.0,True,1745830672,unclaimed-fees-state,0x85e01add9bcc25918c330c42deea69ce5be3ec5d,1.0,0.0005533174456030549,0.0005533174456,token0,1807.280808,1,1807.280808,token1
359814_0x85e01add9bcc25918c330c42deea69ce5be3ec5d,0.0,0.0,True,1745830672,unclaimed-fees-state,0x85e01add9bcc25918c330c42deea69ce5be3ec5d,1.0,0.0005533174456030549,0.0005533174456,token0,1807.280808,1,1807.280808,token1
963546_0xaff0915364800bd6a97f1d7a23f58ee4b1225053,0.0,0.0,True,1745830687,unclaimed-fees-state,0xaff0915364800bd6a97f1d7a23f58ee4b1225053,1.0,0.0005533174456030549,0.0005533174456,token0,1807.280808,1,1807.280808,token1
952665_0xaff0915364800bd6a97f1d7a23f58ee4b1225053,0.0,0.0,True,1745830687,unclaimed-fees-state,0xaff0915364800bd6a97f1d7a23f58ee4b1225053,1.0,0.0005533174456030549,0.0005533174456,token0,1807.280808,1,1807.280808,token1
969004_0xaff0915364800bd6a97f1d7a23f58ee4b1225053,0.0,0.0,True,1745830687,unclaimed-fees-state,0xaff0915364800bd6a97f1d7a23f58ee4b1225053,1.0,0.0005533174456030549,0.0005533174456,token0,1807.280808,1,1807.280808,token1
243922_0x965f166c972ac0ce323a9f017b11c5944eb96fd8,0.0,0.0,True,1745830690,unclaimed-fees-state,0x965f166c972ac0ce323a9f017b11c5944eb96fd8,1.0,0.0005533174456030549,0.0005533174456,token0,1807.280808,1,1807.280808,token1
611017_0x965f166c972ac0ce323a9f017b11c5944eb96fd8,0.0,0.0,True,1745830690,unclaimed-fees-state,0x965f166c972ac0ce323a9f017b11c5944eb96fd8,1.0,0.0005533174456030549,0.0005533174456,token0,1807.280808,1,1807.280808,token1
252019_0x965f166c972ac0ce323a9f017b11c5944eb96fd8,0.0,0.0,True,1745830690,unclaimed-fees-state,0x965f166c972ac0ce323a9f017b11c5944eb96fd8,1.0,0.0005533174456030549,0.0005533174456,token0,1807.280808,1,1807.280808,token1
242911_0x965f166c972ac0ce323a9f017b11c5944eb96fd8,0.0,0.0,True,1745830690,unclaimed-fees-state,0x965f166c972ac0ce323a9f017b11c5944eb96fd8,1.0,0.0005533174456030549,0.0005533174456,token0,1807.280808,1,1807.280808,token1
452633_0x965f166c972ac0ce323a9f017b11c5944eb96fd8,0.0,0.0,True,1745830690,unclaimed-fees-state,0x965f166c972ac0ce323a9f017b11c5944eb96fd8,1.0,0.0005533174456030549,0.0005533174456,token0,1807.280808,1,1807.280808,token1
870974_0xb515c3052193d329b34dccfc9e25750b7df0c40b,0.0,0.0,True,1745830692,unclaimed-fees-state,0xb515c3052193d329b34dccfc9e25750b7df0c40b,1.0,0.0005533174456030549,0.0005533174456,token0,1807.280808,1,1807.280808,token1
850805_0xb515c3052193d329b34dccfc9e25750b7df0c40b,0.0,0.0,True,1745830692,unclaimed-fees-state,0xb515c3052193d329b34dccfc9e25750b7df0c40b,1.0,0.0005533174456030549,0.0005533174456,token0,1807.280808,1,1807.280808,token1
191235_0xbf246450f226f236ffd523dd527d28c5a852d6dd,122869.161266,44.2592839004708,True,1745830708,unclaimed-fees-state,0xbf246450f226f236ffd523dd527d28c5a852d6dd,1.0,0.0005533174456030549,0.0005533174456,token0,1807.280808,1,1807.280808,token1
371950_0xbf246450f226f236ffd523dd527d28c5a852d6dd,0.0,0.0,True,1745830716,unclaimed-fees-state,0xbf246450f226f236ffd523dd527d28c5a852d6dd,1.0,0.0005533174456030549,0.0005533174456,token0,1807.280808,1,1807.280808,token1
236748_0xbf246450f226f236ffd523dd527d28c5a852d6dd,0.0,0.0,True,1745830716,unclaimed-fees-state,0xbf246450f226f236ffd523dd527d28c5a852d6dd,1.0,0.0005533174456030549,0.0005533174456,token0,1807.280808,1,1807.280808,token1
268830_0xbf246450f226f236ffd523dd527d28c5a852d6dd,0.0,0.0,True,1745830716,unclaimed-fees-state,0xbf246450f226f236ffd523dd527d28c5a852d6dd,1.0,0.0005533174456030549,0.0005533174456,token0,1807.280808,1,1807.280808,token1
347024_0xbf246450f226f236ffd523dd527d28c5a852d6dd,0.0,0.0,True,1745830716,unclaimed-fees-state,0xbf246450f226f236ffd523dd527d28c5a852d6dd,1.0,0.0005533174456030549,0.0005533174456,token0,1807.280808,1,1807.280808,token1
189539_0xbf246450f226f236ffd523dd527d28c5a852d6dd,0.0,0.0,True,1745830716,unclaimed-fees-state,0xbf246450f226f236ffd523dd527d28c5a852d6dd,1.0,0.0005533174456030549,0.0005533174456,token0,1807.280808,1,1807.280808,token1
750521_0x2f4594ffe5868c25e941b5a03af3f8d0deb52505,0.9473298503343712,0.00049935426763276,True,1745830638,unclaimed-fees-state,0x2f4594ffe5868c25e941b5a03af3f8d0deb52505,0.957069716,0.0005295633705284438,0.0005295633705,token0,1807.280808,1,1888.348129,token1
580006_0x2f4594ffe5868c25e941b5a03af3f8d0deb52505,0.0,0.0,True,1745830639,unclaimed-fees-state,0x2f4594ffe5868c25e941b5a03af3f8d0deb52505,0.957069716,0.0005295633705284438,0.0005295633705,token0,1807.280808,1,1888.348129,token1
328585_0x2f4594ffe5868c25e941b5a03af3f8d0deb52505,0.0,0.0,True,1745830639,unclaimed-fees-state,0x2f4594ffe5868c25e941b5a03af3f8d0deb52505,0.957069716,0.0005295633705284438,0.0005295633705,token0,1807.280808,1,1888.348129,token1
359251_0x077490ea44ead91c83d019b96cb9792ec04175cf,0.0,0.0,True,1745830655,unclaimed-fees-state,0x077490ea44ead91c83d019b96cb9792ec04175cf,0.957069716,0.0005295633705284438,0.0005295633705,token0,1807.280808,1,1888.348129,token1
476486_0x2f4594ffe5868c25e941b5a03af3f8d0deb52505,0.0,0.0,True,1745830639,unclaimed-fees-state,0x2f4594ffe5868c25e941b5a03af3f8d0deb52505,0.8666911063,0.00047955530905004743,0.0004795553091,token0,1807.280808,1,2085.265205,token1
859998_0x020ef786f8c4d19ec3f949fd933ccd1b264c9f9a,248.70462140858194,0.13523932868099134,True,1745830647,unclaimed-fees-state,0x020ef786f8c4d19ec3f949fd933ccd1b264c9f9a,0.8666911063,0.00047955530905004743,0.0004795553091,token0,1807.280808,1,2085.265205,token1
290064_0x020ef786f8c4d19ec3f949fd933ccd1b264c9f9a,0.0,0.0,True,1745830647,unclaimed-fees-state,0x020ef786f8c4d19ec3f949fd933ccd1b264c9f9a,0.8666911063,0.00047955530905004743,0.0004795553091,token0,1807.280808,1,2085.265205,token1
314789_0x020ef786f8c4d19ec3f949fd933ccd1b264c9f9a,0.0,0.0,True,1745830647,unclaimed-fees-state,0x020ef786f8c4d19ec3f949fd933ccd1b264c9f9a,0.8666911063,0.00047955530905004743,0.0004795553091,token0,1807.280808,1,2085.265205,token1
952534_0x75e126db7f730fada6c3b879413bea339a357e50,1798.403417413582,5.539084920073087,True,1745830609,unclaimed-fees-state,0x75e126db7f730fada6c3b879413bea339a357e50,5.533932877,0.0030620216034578625,0.003062021603,token0,1807.280808,1,326.5816279,token1
951567_0x75e126db7f730fada6c3b879413bea339a357e50,0.0,0.0,True,1745830618,unclaimed-fees-state,0x75e126db7f730fada6c3b879413bea339a357e50,5.533932877,0.0030620216034578625,0.003062021603,token0,1807.280808,1,326.5816279,token1
919460_0x0bcc7af222cb7b848fc8f2b9c11978bc3cc6ac59,5.139306470355071,0.016496919356044977,True,1745830626,unclaimed-fees-state,0x0bcc7af222cb7b848fc8f2b9c11978bc3cc6ac59,5.533932877,0.0030620216034578625,0.003062021603,token0,1807.280808,1,326.5816279,token1
328582_0x2f4594ffe5868c25e941b5a03af3f8d0deb52505,0.0,0.0,True,1745830639,unclaimed-fees-state,0x2f4594ffe5868c25e941b5a03af3f8d0deb52505,5.533932877,0.0030620216034578625,0.003062021603,token0,1807.280808,1,326.5816279,token1
345318_0xd504bd85eb78e6f37afd2d6124edfce14c0b037b,0.0,0.0,True,1745830644,unclaimed-fees-state,0xd504bd85eb78e6f37afd2d6124edfce14c0b037b,5.533932877,0.0030620216034578625,0.003062021603,token0,1807.280808,1,326.5816279,token1
161212_0x020ef786f8c4d19ec3f949fd933ccd1b264c9f9a,0.0,0.0,True,1745830647,unclaimed-fees-state,0x020ef786f8c4d19ec3f949fd933ccd1b264c9f9a,5.533932877,0.0030620216034578625,0.003062021603,token0,1807.280808,1,326.5816279,token1
45535_0x020ef786f8c4d19ec3f949fd933ccd1b264c9f9a,0.0,0.0,True,1745830647,unclaimed-fees-state,0x020ef786f8c4d19ec3f949fd933ccd1b264c9f9a,5.533932877,0.0030620216034578625,0.003062021603,token0,1807.280808,1,326.5816279,token1
126460_0x020ef786f8c4d19ec3f949fd933ccd1b264c9f9a,0.0,0.0,True,1745830647,unclaimed-fees-state,0x020ef786f8c4d19ec3f949fd933ccd1b264c9f9a,5.533932877,0.0030620216034578625,0.003062021603,token0,1807.280808,1,326.5816279,token1
680045_0x17ac2eeaf4eeefab2379118d8ffde37188243bbf,0.0,0.0,True,1745830645,unclaimed-fees-state,0x17ac2eeaf4eeefab2379118d8ffde37188243bbf,0.2421772978,0.00013400092378204297,0.0001340009238,token0,1807.280808,1,7462.635121,token1
40424_0x0bcc7af222cb7b848fc8f2b9c11978bc3cc6ac59,1201914.110927264,0.2615246501791917,True,1745830626,unclaimed-fees-state,0x0bcc7af222cb7b848fc8f2b9c11978bc3cc6ac59,0.0001852745028,1.0251561461283857e-07,1.025156146e-07,token0,1807.280808,1,9754611.566,token1
4380_0xbf246450f226f236ffd523dd527d28c5a852d6dd,0.0,0.0,True,1745830716,unclaimed-fees-state,0xbf246450f226f236ffd523dd527d28c5a852d6dd,1981.502401,1.0959572104265374,1.09595721,token0,1808.010734,1,0.9124443824,token1
2306_0xd504bd85eb78e6f37afd2d6124edfce14c0b037b,0.0,0.0,True,1745830644,unclaimed-fees-state,0xd504bd85eb78e6f37afd2d6124edfce14c0b037b,1807.285639,1,2.980038261,token0,606.4639043,0.3355661614323503,0.3355661614,token1
1846141_0xb515c3052193d329b34dccfc9e25750b7df0c40b,0.31359775110647,0.00936365,True,1745830690,unclaimed-fees-state,0xb515c3052193d329b34dccfc9e25750b7df0c40b,1808.510438,1,0.01914481682,token0,94464.75541,52.23345877744775,52.23345878,token1
1846088_0xb515c3052193d329b34dccfc9e25750b7df0c40b,0.0,0.0,True,1745830692,unclaimed-fees-state,0xb515c3052193d329b34dccfc9e25750b7df0c40b,1808.510438,1,0.01914481682,token0,94464.75541,52.23345877744775,52.23345878,token1
4128481_0xb515c3052193d329b34dccfc9e25750b7df0c40b,0.0,0.0,True,1745830692,unclaimed-fees-state,0xb515c3052193d329b34dccfc9e25750b7df0c40b,1809.481207,1,0.01909480889,token0,94762.9912,52.37025444122263,52.37025444,token1
930208_0x2f4594ffe5868c25e941b5a03af3f8d0deb52505,0.00005718,0.00005769,True,1745830638,unclaimed-fees-state,0x2f4594ffe5868c25e941b5a03af3f8d0deb52505,94518.72536,52.298859679326824,0.9971287842,token0,94790.89046,52.44945337763405,1.002879483,token1
930217_0x2f4594ffe5868c25e941b5a03af3f8d0deb52505,9.45343,0.00016143,True,1745830638,unclaimed-fees-state,0x2f4594ffe5868c25e941b5a03af3f8d0deb52505,1.0,0.0005533174456030549,1.054953693e-05,token0,94790.89046,52.44945337763405,94790.89046,token1
